A, "A"
AccessHistoryDataCapability, "AccessHistoryDataCapability"
AccessHistoryEventsCapability, "AccessHistoryEventsCapability"
AccessLevelExType, "AccessLevelExType"
AccessLevelType, "AccessLevelType"
AccessRestrictionType, "AccessRestrictionType"
AccumulatedLatency, "AccumulatedLatency"
AckedState, "AckedState"
Acknowledge, "Acknowledge"
AcknowledgeableConditionType, "AcknowledgeableConditionType"
ActionTimeStamp, "ActionTimeStamp"
ActivateSessionRequest, "ActivateSessionRequest"
ActivateSessionResponse, "ActivateSessionResponse"
Active, "Active"
ActiveCount, "ActiveCount"
ActiveState, "ActiveState"
ActivityTimeout, "ActivityTimeout"
Actual, "Actual"
ActualSessionTimeout, "ActualSessionTimeout"
AddApplication, "AddApplication"
AddCertificate, "AddCertificate"
AddComment, "AddComment"
AddConnection, "AddConnection"
AddDataSetFolder, "AddDataSetFolder"
AddDataSetReader, "AddDataSetReader"
AddDataSetWriter, "AddDataSetWriter"
AddEndpoint, "AddEndpoint"
AddExtensionField, "AddExtensionField"
AddIdentity, "AddIdentity"
AdditionalGroup_Placeholder, "<AdditionalGroup>"
AdditionalParametersType, "AdditionalParametersType"
AddNodesCount, "AddNodesCount"
AddNodesItem, "AddNodesItem"
AddNodesRequest, "AddNodesRequest"
AddNodesResponse, "AddNodesResponse"
AddNodesResult, "AddNodesResult"
AddPriorityMappingEntry, "AddPriorityMappingEntry"
AddPublishedDataItems, "AddPublishedDataItems"
AddPublishedDataItemsTemplate, "AddPublishedDataItemsTemplate"
AddPublishedEvents, "AddPublishedEvents"
AddPublishedEventsTemplate, "AddPublishedEventsTemplate"
AddPushTarget, "AddPushTarget"
AddPushTargetFolder, "AddPushTargetFolder"
AddReaderGroup, "AddReaderGroup"
AddReferencesCount, "AddReferencesCount"
AddReferencesItem, "AddReferencesItem"
AddReferencesRequest, "AddReferencesRequest"
AddReferencesResponse, "AddReferencesResponse"
Address, "Address"
AddressSpaceFileType, "AddressSpaceFileType"
AddRole, "AddRole"
AddSecurityGroup, "AddSecurityGroup"
AddSecurityGroupFolder, "AddSecurityGroupFolder"
AddSubscribedDataSet, "AddSubscribedDataSet"
AddTargetVariables, "AddTargetVariables"
AddUser, "AddUser"
AddVariables, "AddVariables"
AddWriterGroup, "AddWriterGroup"
AdminStatus, "AdminStatus"
AffectedCertificateGroups, "AffectedCertificateGroups"
AffectedTrustLists, "AffectedTrustLists"
AgencyId, "AgencyId"
AggregateConfiguration, "AggregateConfiguration"
AggregateConfigurationType, "AggregateConfigurationType"
AggregateFilter, "AggregateFilter"
AggregateFilterResult, "AggregateFilterResult"
AggregateFunction_AnnotationCount, "AnnotationCount"
AggregateFunction_Average, "Average"
AggregateFunction_Count, "Count"
AggregateFunction_Delta, "Delta"
AggregateFunction_DeltaBounds, "DeltaBounds"
AggregateFunction_DurationBad, "DurationBad"
AggregateFunction_DurationGood, "DurationGood"
AggregateFunction_DurationInStateNonZero, "DurationInStateNonZero"
AggregateFunction_DurationInStateZero, "DurationInStateZero"
AggregateFunction_End, "End"
AggregateFunction_EndBound, "EndBound"
AggregateFunction_Interpolative, "Interpolative"
AggregateFunction_Maximum, "Maximum"
AggregateFunction_Maximum2, "Maximum2"
AggregateFunction_MaximumActualTime, "MaximumActualTime"
AggregateFunction_MaximumActualTime2, "MaximumActualTime2"
AggregateFunction_Minimum, "Minimum"
AggregateFunction_Minimum2, "Minimum2"
AggregateFunction_MinimumActualTime, "MinimumActualTime"
AggregateFunction_MinimumActualTime2, "MinimumActualTime2"
AggregateFunction_NumberOfTransitions, "NumberOfTransitions"
AggregateFunction_PercentBad, "PercentBad"
AggregateFunction_PercentGood, "PercentGood"
AggregateFunction_Range, "Range"
AggregateFunction_Range2, "Range2"
AggregateFunction_StandardDeviationPopulation, "StandardDeviationPopulation"
AggregateFunction_StandardDeviationSample, "StandardDeviationSample"
AggregateFunction_Start, "Start"
AggregateFunction_StartBound, "StartBound"
AggregateFunction_TimeAverage, "TimeAverage"
AggregateFunction_TimeAverage2, "TimeAverage2"
AggregateFunction_Total, "Total"
AggregateFunction_Total2, "Total2"
AggregateFunction_VariancePopulation, "VariancePopulation"
AggregateFunction_VarianceSample, "VarianceSample"
AggregateFunction_WorstQuality, "WorstQuality"
AggregateFunction_WorstQuality2, "WorstQuality2"
AggregateFunctions, "AggregateFunctions"
AggregateFunctionType, "AggregateFunctionType"
Aggregates, "Aggregates"
AlarmConditionInstance_Placeholder, "<AlarmConditionInstance>"
AlarmConditionType, "AlarmConditionType"
AlarmCount, "AlarmCount"
AlarmGroup_Placeholder, "<AlarmGroup>"
AlarmGroupMember, "AlarmGroupMember"
AlarmGroupType, "AlarmGroupType"
AlarmMask, "AlarmMask"
AlarmMetricsType, "AlarmMetricsType"
AlarmRateVariableType, "AlarmRateVariableType"
AlarmStateVariableType, "AlarmStateVariableType"
AlarmSuppressionGroupMember, "AlarmSuppressionGroupMember"
AlarmSuppressionGroupType, "AlarmSuppressionGroupType"
Alias_Placeholder, "<Alias>"
Aliases, "Aliases"
AliasFor, "AliasFor"
AliasNameCategoryType, "AliasNameCategoryType"
AliasNameDataType, "AliasNameDataType"
AliasNameType, "AliasNameType"
AllowNulls, "AllowNulls"
AlternativeUnits, "AlternativeUnits"
AlternativeUnitType, "AlternativeUnitType"
AlwaysGeneratesEvent, "AlwaysGeneratesEvent"
AnalogItemType, "AnalogItemType"
AnalogUnitRangeType, "AnalogUnitRangeType"
AnalogUnitType, "AnalogUnitType"
AngleUnit, "AngleUnit"
Annotation, "Annotation"
AnnotationDataType, "AnnotationDataType"
Annotations, "Annotations"
AnonymousIdentityToken, "AnonymousIdentityToken"
ApplicationCertificateType, "ApplicationCertificateType"
ApplicationConfigurationType, "ApplicationConfigurationType"
ApplicationDescription, "ApplicationDescription"
ApplicationInstanceCertificate, "ApplicationInstanceCertificate"
ApplicationName_Placeholder, "<ApplicationName>"
Applications, "Applications"
ApplicationsExclude, "ApplicationsExclude"
ApplicationType, "ApplicationType"
ApplicationUri, "ApplicationUri"
ApplyChanges, "ApplyChanges"
ApplyWrite, "ApplyWrite"
ApplyWriteToError, "ApplyWriteToError"
ApplyWriteToIdle, "ApplyWriteToIdle"
Argument, "Argument"
ArrayItemType, "ArrayItemType"
AssociatedWith, "AssociatedWith"
AttributeId, "AttributeId"
AttributeOperand, "AttributeOperand"
AttributeWriteMask, "AttributeWriteMask"
AudibleEnabled, "AudibleEnabled"
AudibleSound, "AudibleSound"
AudioDataType, "AudioDataType"
AudioVariableType, "AudioVariableType"
AuditActivateSessionEventType, "AuditActivateSessionEventType"
AuditAddNodesEventType, "AuditAddNodesEventType"
AuditAddReferencesEventType, "AuditAddReferencesEventType"
AuditCancelEventType, "AuditCancelEventType"
AuditCertificateDataMismatchEventType, "AuditCertificateDataMismatchEventType"
AuditCertificateEventType, "AuditCertificateEventType"
AuditCertificateExpiredEventType, "AuditCertificateExpiredEventType"
AuditCertificateInvalidEventType, "AuditCertificateInvalidEventType"
AuditCertificateMismatchEventType, "AuditCertificateMismatchEventType"
AuditCertificateRevokedEventType, "AuditCertificateRevokedEventType"
AuditCertificateUntrustedEventType, "AuditCertificateUntrustedEventType"
AuditChannelEventType, "AuditChannelEventType"
AuditClientEventType, "AuditClientEventType"
AuditClientUpdateMethodResultEventType, "AuditClientUpdateMethodResultEventType"
AuditConditionAcknowledgeEventType, "AuditConditionAcknowledgeEventType"
AuditConditionCommentEventType, "AuditConditionCommentEventType"
AuditConditionConfirmEventType, "AuditConditionConfirmEventType"
AuditConditionEnableEventType, "AuditConditionEnableEventType"
AuditConditionEventType, "AuditConditionEventType"
AuditConditionOutOfServiceEventType, "AuditConditionOutOfServiceEventType"
AuditConditionResetEventType, "AuditConditionResetEventType"
AuditConditionRespondEventType, "AuditConditionRespondEventType"
AuditConditionShelvingEventType, "AuditConditionShelvingEventType"
AuditConditionSilenceEventType, "AuditConditionSilenceEventType"
AuditConditionSuppressionEventType, "AuditConditionSuppressionEventType"
AuditCreateSessionEventType, "AuditCreateSessionEventType"
AuditDeleteNodesEventType, "AuditDeleteNodesEventType"
AuditDeleteReferencesEventType, "AuditDeleteReferencesEventType"
AuditEventType, "AuditEventType"
AuditHistoryAnnotationUpdateEventType, "AuditHistoryAnnotationUpdateEventType"
AuditHistoryAtTimeDeleteEventType, "AuditHistoryAtTimeDeleteEventType"
AuditHistoryBulkInsertEventType, "AuditHistoryBulkInsertEventType"
AuditHistoryConfigurationChangeEventType, "AuditHistoryConfigurationChangeEventType"
AuditHistoryDeleteEventType, "AuditHistoryDeleteEventType"
AuditHistoryEventDeleteEventType, "AuditHistoryEventDeleteEventType"
AuditHistoryEventUpdateEventType, "AuditHistoryEventUpdateEventType"
AuditHistoryRawModifyDeleteEventType, "AuditHistoryRawModifyDeleteEventType"
AuditHistoryUpdateEventType, "AuditHistoryUpdateEventType"
AuditHistoryValueUpdateEventType, "AuditHistoryValueUpdateEventType"
Auditing, "Auditing"
AuditNodeManagementEventType, "AuditNodeManagementEventType"
AuditOpenSecureChannelEventType, "AuditOpenSecureChannelEventType"
AuditProgramTransitionEventType, "AuditProgramTransitionEventType"
AuditSecurityEventType, "AuditSecurityEventType"
AuditSessionEventType, "AuditSessionEventType"
AuditUpdateEventType, "AuditUpdateEventType"
AuditUpdateMethodEventType, "AuditUpdateMethodEventType"
AuditUpdateStateEventType, "AuditUpdateStateEventType"
AuditUrlMismatchEventType, "AuditUrlMismatchEventType"
AuditWriteUpdateEventType, "AuditWriteUpdateEventType"
AuthenticationMechanism, "AuthenticationMechanism"
AuthenticationProfileUri, "AuthenticationProfileUri"
AuthorizationServiceConfigurationType, "AuthorizationServiceConfigurationType"
AuthorizationServices, "AuthorizationServices"
AuthorizationServicesConfigurationFolderType, "AuthorizationServicesConfigurationFolderType"
AutoDelete, "AutoDelete"
AvailableStates, "AvailableStates"
AvailableTransitions, "AvailableTransitions"
AverageAlarmRate, "AverageAlarmRate"
AxisDefinition, "AxisDefinition"
AxisInformation, "AxisInformation"
AxisScaleEnumeration, "AxisScaleEnumeration"
AxisScaleType, "AxisScaleType"
B, "B"
BaseAnalogType, "BaseAnalogType"
BaseConditionClassType, "BaseConditionClassType"
BaseDataType, "BaseDataType"
BaseDataVariableType, "BaseDataVariableType"
BaseEventType, "BaseEventType"
BaseFrame, "BaseFrame"
BaseHighHighLimit, "BaseHighHighLimit"
BaseHighLimit, "BaseHighLimit"
BaseInterfaceType, "BaseInterfaceType"
BaseLowLimit, "BaseLowLimit"
BaseLowLowLimit, "BaseLowLowLimit"
BaseModelChangeEventType, "BaseModelChangeEventType"
BaseObjectType, "BaseObjectType"
BaseSetpointNode, "BaseSetpointNode"
BaseVariableType, "BaseVariableType"
BitFieldDefinition, "BitFieldDefinition"
BitFieldMaskDataType, "BitFieldMaskDataType"
BitFieldsDefinitions, "BitFieldsDefinitions"
BitFieldType, "BitFieldType"
BitMask, "BitMask"
Boolean, "Boolean"
BranchId, "BranchId"
BrokerConnectionTransportDataType, "BrokerConnectionTransportDataType"
BrokerConnectionTransportType, "BrokerConnectionTransportType"
BrokerDataSetReaderTransportDataType, "BrokerDataSetReaderTransportDataType"
BrokerDataSetReaderTransportType, "BrokerDataSetReaderTransportType"
BrokerDataSetWriterTransportDataType, "BrokerDataSetWriterTransportDataType"
BrokerDataSetWriterTransportType, "BrokerDataSetWriterTransportType"
BrokerTransportQualityOfService, "BrokerTransportQualityOfService"
BrokerWriterGroupTransportDataType, "BrokerWriterGroupTransportDataType"
BrokerWriterGroupTransportType, "BrokerWriterGroupTransportType"
BrowseCount, "BrowseCount"
BrowseDescription, "BrowseDescription"
BrowseDirection, "BrowseDirection"
BrowseNextCount, "BrowseNextCount"
BrowseNextRequest, "BrowseNextRequest"
BrowseNextResponse, "BrowseNextResponse"
BrowsePath, "BrowsePath"
BrowsePathResult, "BrowsePathResult"
BrowsePathTarget, "BrowsePathTarget"
BrowseRequest, "BrowseRequest"
BrowseResponse, "BrowseResponse"
BrowseResult, "BrowseResult"
BrowseResultMask, "BrowseResultMask"
BuildDate, "BuildDate"
BuildInfo, "BuildInfo"
BuildInfoType, "BuildInfoType"
BuildNumber, "BuildNumber"
Byte, "Byte"
ByteString, "ByteString"
C, "C"
CallCount, "CallCount"
CallMethodRequest, "CallMethodRequest"
CallMethodResult, "CallMethodResult"
CallRequest, "CallRequest"
CallResponse, "CallResponse"
CancelChanges, "CancelChanges"
CancelRequest, "CancelRequest"
CancelResponse, "CancelResponse"
CartesianCoordinates, "CartesianCoordinates"
CartesianCoordinatesType, "CartesianCoordinatesType"
Certificate, "Certificate"
CertificateErrorEventId, "CertificateErrorEventId"
CertificateExpirationAlarmType, "CertificateExpirationAlarmType"
CertificateExpired, "CertificateExpired"
CertificateGroup, "CertificateGroup"
CertificateGroupFolderType, "CertificateGroupFolderType"
CertificateGroups, "CertificateGroups"
CertificateGroupType, "CertificateGroupType"
CertificateType, "CertificateType"
CertificateTypes, "CertificateTypes"
CertificateUpdatedAuditEventType, "CertificateUpdatedAuditEventType"
CertificateUpdateRequestedAuditEventType, "CertificateUpdateRequestedAuditEventType"
ChangePassword, "ChangePassword"
Changes, "Changes"
ChannelSecurityToken, "ChannelSecurityToken"
ChoiceStateType, "ChoiceStateType"
Classification, "Classification"
ClientAuditEntryId, "ClientAuditEntryId"
ClientCertificate, "ClientCertificate"
ClientCertificateThumbprint, "ClientCertificateThumbprint"
ClientConnectionTime, "ClientConnectionTime"
ClientDescription, "ClientDescription"
ClientLastContactTime, "ClientLastContactTime"
ClientName_Placeholder, "<ClientName>"
ClientProcessingTimeout, "ClientProcessingTimeout"
ClientSoftwareCertificates, "ClientSoftwareCertificates"
ClientUserId, "ClientUserId"
ClientUserIdHistory, "ClientUserIdHistory"
ClientUserIdOfSession, "ClientUserIdOfSession"
Close, "Close"
CloseAndCommit, "CloseAndCommit"
CloseAndUpdate, "CloseAndUpdate"
CloseSecureChannelRequest, "CloseSecureChannelRequest"
CloseSecureChannelResponse, "CloseSecureChannelResponse"
CloseSessionRequest, "CloseSessionRequest"
CloseSessionResponse, "CloseSessionResponse"
CoherentUnit, "CoherentUnit"
Comment, "Comment"
CommonName, "CommonName"
Communication, "Communication"
ComplexNumberType, "ComplexNumberType"
ConditionClassId, "ConditionClassId"
ConditionClassName, "ConditionClassName"
ConditionEventId, "ConditionEventId"
ConditionName, "ConditionName"
ConditionRefresh, "ConditionRefresh"
ConditionRefresh2, "ConditionRefresh2"
ConditionSubClassId, "ConditionSubClassId"
ConditionSubClassName, "ConditionSubClassName"
ConditionType, "ConditionType"
ConditionVariableType, "ConditionVariableType"
ConfigurationProperties, "ConfigurationProperties"
ConfigurationVersion, "ConfigurationVersion"
ConfigurationVersionDataType, "ConfigurationVersionDataType"
ConfiguredSize, "ConfiguredSize"
Confirm, "Confirm"
ConfirmedState, "ConfirmedState"
ConformanceUnits, "ConformanceUnits"
ConnectionId, "ConnectionId"
ConnectionName_Placeholder, "<ConnectionName>"
ConnectionProperties, "ConnectionProperties"
ConnectionTransportDataType, "ConnectionTransportDataType"
ConnectionTransportType, "ConnectionTransportType"
ConnectSecurityGroups, "ConnectSecurityGroups"
Constant, "Constant"
ContentFilter, "ContentFilter"
ContentFilterElement, "ContentFilterElement"
ContentFilterElementResult, "ContentFilterElementResult"
ContentFilterResult, "ContentFilterResult"
Context, "Context"
ContinuationPoint, "ContinuationPoint"
Controls, "Controls"
ConversionLimit, "ConversionLimit"
ConversionLimitEnum, "ConversionLimitEnum"
ConversionService, "ConversionService"
Counter, "Counter"
Counters, "Counters"
Creatable, "Creatable"
CreateClientName, "CreateClientName"
CreateCredential, "CreateCredential"
CreateDataSetMirror, "CreateDataSetMirror"
CreateDirectory, "CreateDirectory"
CreateFile, "CreateFile"
CreateMonitoredItemsCount, "CreateMonitoredItemsCount"
CreateMonitoredItemsRequest, "CreateMonitoredItemsRequest"
CreateMonitoredItemsResponse, "CreateMonitoredItemsResponse"
CreateSessionId, "CreateSessionId"
CreateSessionRequest, "CreateSessionRequest"
CreateSessionResponse, "CreateSessionResponse"
CreateSigningRequest, "CreateSigningRequest"
CreateSubscriptionCount, "CreateSubscriptionCount"
CreateSubscriptionRequest, "CreateSubscriptionRequest"
CreateSubscriptionResponse, "CreateSubscriptionResponse"
CreateTargetVariables, "CreateTargetVariables"
CubeItemType, "CubeItemType"
CumulatedSessionCount, "CumulatedSessionCount"
CumulatedSubscriptionCount, "CumulatedSubscriptionCount"
CurrencyUnit, "CurrencyUnit"
CurrencyUnitType, "CurrencyUnitType"
CurrentAlarmRate, "CurrentAlarmRate"
CurrentKeepAliveCount, "CurrentKeepAliveCount"
CurrentLifetimeCount, "CurrentLifetimeCount"
CurrentMonitoredItemsCount, "CurrentMonitoredItemsCount"
CurrentPublishRequestsInQueue, "CurrentPublishRequestsInQueue"
CurrentServerId, "CurrentServerId"
CurrentSessionCount, "CurrentSessionCount"
CurrentState, "CurrentState"
CurrentSubscriptionCount, "CurrentSubscriptionCount"
CurrentSubscriptionsCount, "CurrentSubscriptionsCount"
CurrentTime, "CurrentTime"
CustomConfiguration, "CustomConfiguration"
CyclicDataSet, "CyclicDataSet"
DataChangeFilter, "DataChangeFilter"
DataChangeNotification, "DataChangeNotification"
DataChangeNotificationsCount, "DataChangeNotificationsCount"
DataChangeTrigger, "DataChangeTrigger"
DatagramConnectionTransport2DataType, "DatagramConnectionTransport2DataType"
DatagramConnectionTransportDataType, "DatagramConnectionTransportDataType"
DatagramConnectionTransportType, "DatagramConnectionTransportType"
DatagramDataSetReaderTransportDataType, "DatagramDataSetReaderTransportDataType"
DatagramDataSetReaderTransportType, "DatagramDataSetReaderTransportType"
DatagramQos, "DatagramQos"
DatagramWriterGroupTransport2DataType, "DatagramWriterGroupTransport2DataType"
DatagramWriterGroupTransportDataType, "DatagramWriterGroupTransportDataType"
DatagramWriterGroupTransportType, "DatagramWriterGroupTransportType"
DataItemType, "DataItemType"
DataSetClasses, "DataSetClasses"
DataSetClassId, "DataSetClassId"
DataSetFieldContentMask, "DataSetFieldContentMask"
DataSetFieldFlags, "DataSetFieldFlags"
DataSetFolderName_Placeholder, "<DataSetFolderName>"
DataSetFolderType, "DataSetFolderType"
DataSetMessageContentMask, "DataSetMessageContentMask"
DataSetMetaData, "DataSetMetaData"
DataSetMetaDataType, "DataSetMetaDataType"
DataSetOffset, "DataSetOffset"
DataSetOrdering, "DataSetOrdering"
DataSetOrderingType, "DataSetOrderingType"
DataSetReaderDataType, "DataSetReaderDataType"
DataSetReaderMessageDataType, "DataSetReaderMessageDataType"
DataSetReaderMessageType, "DataSetReaderMessageType"
DataSetReaderName_Placeholder, "<DataSetReaderName>"
DataSetReaderProperties, "DataSetReaderProperties"
DataSetReaderTransportDataType, "DataSetReaderTransportDataType"
DataSetReaderTransportType, "DataSetReaderTransportType"
DataSetReaderType, "DataSetReaderType"
DataSetToWriter, "DataSetToWriter"
DataSetWriterDataType, "DataSetWriterDataType"
DataSetWriterId, "DataSetWriterId"
DataSetWriterMessageDataType, "DataSetWriterMessageDataType"
DataSetWriterMessageType, "DataSetWriterMessageType"
DataSetWriterName_Placeholder, "<DataSetWriterName>"
DataSetWriterProperties, "DataSetWriterProperties"
DataSetWriterTransportDataType, "DataSetWriterTransportDataType"
DataSetWriterTransportType, "DataSetWriterTransportType"
DataSetWriterType, "DataSetWriterType"
DataTypeAttributes, "DataTypeAttributes"
DataTypeDefinition, "DataTypeDefinition"
DataTypeDescription, "DataTypeDescription"
DataTypeDescriptionType, "DataTypeDescriptionType"
DataTypeDictionaryType, "DataTypeDictionaryType"
DataTypeEncodingType, "DataTypeEncodingType"
DataTypeNode, "DataTypeNode"
DataTypeSchemaHeader, "DataTypeSchemaHeader"
DataTypesFolder, "DataTypes"
DataTypeSystemType, "DataTypeSystemType"
DataTypeVersion, "DataTypeVersion"
DataValue, "DataValue"
DateString, "DateString"
DateTime, "DateTime"
DeadbandType, "DeadbandType"
Decimal, "Decimal"
DecimalDataType, "DecimalDataType"
DecimalString, "DecimalString"
DefaultAccessRestrictions, "DefaultAccessRestrictions"
DefaultApplicationGroup, "DefaultApplicationGroup"
DefaultBinary, "Default Binary"
DefaultDatagramPublisherId, "DefaultDatagramPublisherId"
DefaultHAConfiguration, "DefaultHAConfiguration"
DefaultHEConfiguration, "DefaultHEConfiguration"
DefaultHttpsGroup, "DefaultHttpsGroup"
DefaultInstanceBrowseName, "DefaultInstanceBrowseName"
DefaultJson, "Default JSON"
DefaultResponse, "DefaultResponse"
DefaultRolePermissions, "DefaultRolePermissions"
DefaultSecurityKeyServices, "DefaultSecurityKeyServices"
DefaultUserRolePermissions, "DefaultUserRolePermissions"
DefaultUserTokenGroup, "DefaultUserTokenGroup"
DefaultValidationOptions, "DefaultValidationOptions"
DefaultXml, "Default XML"
Definition, "Definition"
Deletable, "Deletable"
DeleteAtTimeCapability, "DeleteAtTimeCapability"
DeleteAtTimeDetails, "DeleteAtTimeDetails"
DeleteCredential, "DeleteCredential"
DeleteEventCapability, "DeleteEventCapability"
DeleteEventDetails, "DeleteEventDetails"
DeleteFileSystemObject, "Delete"
DeleteMonitoredItemsCount, "DeleteMonitoredItemsCount"
DeleteMonitoredItemsRequest, "DeleteMonitoredItemsRequest"
DeleteMonitoredItemsResponse, "DeleteMonitoredItemsResponse"
DeleteNodesCount, "DeleteNodesCount"
DeleteNodesItem, "DeleteNodesItem"
DeleteNodesRequest, "DeleteNodesRequest"
DeleteNodesResponse, "DeleteNodesResponse"
DeletePriorityMappingEntry, "DeletePriorityMappingEntry"
DeleteRawCapability, "DeleteRawCapability"
DeleteRawModifiedDetails, "DeleteRawModifiedDetails"
DeleteReferencesCount, "DeleteReferencesCount"
DeleteReferencesItem, "DeleteReferencesItem"
DeleteReferencesRequest, "DeleteReferencesRequest"
DeleteReferencesResponse, "DeleteReferencesResponse"
DeleteSubscriptionsCount, "DeleteSubscriptionsCount"
DeleteSubscriptionsRequest, "DeleteSubscriptionsRequest"
DeleteSubscriptionsResponse, "DeleteSubscriptionsResponse"
Denominator, "Denominator"
Deprecated, "Deprecated"
Description, "Description"
DestinationAddress, "DestinationAddress"
DeviceFailureEventType, "DeviceFailureEventType"
DiagnosticInfo, "DiagnosticInfo"
Diagnostics, "Diagnostics"
DiagnosticsLevel, "DiagnosticsLevel"
DialogConditionType, "DialogConditionType"
DialogState, "DialogState"
Dictionaries, "Dictionaries"
DictionaryEntryName_Placeholder, "<DictionaryEntryName>"
DictionaryEntryType, "DictionaryEntryType"
DictionaryFolderName_Placeholder, "<DictionaryFolderName>"
DictionaryFolderType, "DictionaryFolderType"
DictionaryFragment, "DictionaryFragment"
DigitalVariable_Placeholder, "<DigitalVariable>"
Dimension, "Dimension"
Disable, "Disable"
DisableCount, "DisableCount"
DisabledMonitoredItemCount, "DisabledMonitoredItemCount"
DisabledMonitoredItemsSamplingCount, "DisabledMonitoredItemsSamplingCount"
DiscardedMessageCount, "DiscardedMessageCount"
Discipline, "Discipline"
DisconnectSecurityGroups, "DisconnectSecurityGroups"
DiscoveryAddress, "DiscoveryAddress"
DiscoveryAnnounceRate, "DiscoveryAnnounceRate"
DiscoveryConfiguration, "DiscoveryConfiguration"
DiscoveryMaxMessageSize, "DiscoveryMaxMessageSize"
DiscrepancyAlarmType, "DiscrepancyAlarmType"
DiscreteAlarmType, "DiscreteAlarmType"
DiscreteItemType, "DiscreteItemType"
Double, "Double"
DoubleComplexNumberType, "DoubleComplexNumberType"
Duplex, "Duplex"
Duration, "Duration"
DurationString, "DurationString"
EccApplicationCertificateType, "EccApplicationCertificateType"
EccBrainpoolP256r1ApplicationCertificateType, "EccBrainpoolP256r1ApplicationCertificateType"
EccBrainpoolP384r1ApplicationCertificateType, "EccBrainpoolP384r1ApplicationCertificateType"
EccCurve25519ApplicationCertificateType, "EccCurve25519ApplicationCertificateType"
EccCurve448ApplicationCertificateType, "EccCurve448ApplicationCertificateType"
EccEncryptedSecret, "EccEncryptedSecret"
EccNistP256ApplicationCertificateType, "EccNistP256ApplicationCertificateType"
EccNistP384ApplicationCertificateType, "EccNistP384ApplicationCertificateType"
EffectiveDisplayName, "EffectiveDisplayName"
EffectiveTransitionTime, "EffectiveTransitionTime"
ElementOperand, "ElementOperand"
ElseGuardVariableType, "ElseGuardVariableType"
Enable, "Enable"
EnableCount, "EnableCount"
Enabled, "Enabled"
EnabledFlag, "EnabledFlag"
EnabledState, "EnabledState"
EncodedTicket, "EncodedTicket"
Encoding, "Encoding"
EndpointConfiguration, "EndpointConfiguration"
EndpointDescription, "EndpointDescription"
Endpoints, "Endpoints"
EndpointsExclude, "EndpointsExclude"
EndpointType, "EndpointType"
EndpointUrl, "EndpointUrl"
EndpointUrlListDataType, "EndpointUrlListDataType"
EndpointUrls, "EndpointUrls"
EndTime, "EndTime"
EngineeringUnits, "EngineeringUnits"
EnumDefinition, "EnumDefinition"
EnumDescription, "EnumDescription"
EnumDictionaryEntries, "EnumDictionaryEntries"
Enumeration, "Enumeration"
EnumField, "EnumField"
EnumStrings, "EnumStrings"
EnumValues, "EnumValues"
EnumValueType, "EnumValueType"
EphemeralKeyType, "EphemeralKeyType"
Error, "Error"
Errors, "Errors"
ErrorToIdle, "ErrorToIdle"
EstimatedReturnTime, "EstimatedReturnTime"
EUInformation, "EUInformation"
EURange, "EURange"
EventFieldList, "EventFieldList"
EventFilter, "EventFilter"
EventFilterResult, "EventFilterResult"
EventId, "EventId"
EventIds, "EventIds"
EventNotificationList, "EventNotificationList"
EventNotificationsCount, "EventNotificationsCount"
EventNotifierType, "EventNotifierType"
EventQueueOverflowCount, "EventQueueOverflowCount"
EventQueueOverflowEventType, "EventQueueOverflowEventType"
EventType, "EventType"
EventTypes, "EventTypes"
EventTypesFolder, "EventTypes"
ExceptionDeviation, "ExceptionDeviation"
ExceptionDeviationFormat, "ExceptionDeviationFormat"
ExclusiveDeviationAlarmType, "ExclusiveDeviationAlarmType"
ExclusiveLevelAlarmType, "ExclusiveLevelAlarmType"
ExclusiveLimitAlarmType, "ExclusiveLimitAlarmType"
ExclusiveLimitStateMachineType, "ExclusiveLimitStateMachineType"
ExclusiveRateOfChangeAlarmType, "ExclusiveRateOfChangeAlarmType"
ExpandedNodeId, "ExpandedNodeId"
ExpectedTime, "ExpectedTime"
ExpirationDate, "ExpirationDate"
ExpirationLimit, "ExpirationLimit"
ExportNamespace, "ExportNamespace"
Expression, "Expression"
ExpressionGuardVariableType, "ExpressionGuardVariableType"
ExtensionFieldName_Placeholder, "<ExtensionFieldName>"
ExtensionFields, "ExtensionFields"
ExtensionFieldsType, "ExtensionFieldsType"
Failover, "Failover"
FailureCode, "FailureCode"
FailureSystemIdentifier, "FailureSystemIdentifier"
FalseState, "FalseState"
FieldMetaData, "FieldMetaData"
FieldName_Placeholder, "<FieldName>"
FieldTargetDataType, "FieldTargetDataType"
FileDirectoryName_Placeholder, "<FileDirectoryName>"
FileDirectoryType, "FileDirectoryType"
FileName_Placeholder, "<FileName>"
FileSystem, "FileSystem"
FileTransferStateMachineType, "FileTransferStateMachineType"
FileType, "FileType"
Filter, "Filter"
FilterOperand, "FilterOperand"
FilterOperator, "FilterOperator"
FinalResultData, "FinalResultData"
FindAlias, "FindAlias"
FindServersOnNetworkRequest, "FindServersOnNetworkRequest"
FindServersOnNetworkResponse, "FindServersOnNetworkResponse"
FindServersRequest, "FindServersRequest"
FindServersResponse, "FindServersResponse"
FiniteStateMachineType, "FiniteStateMachineType"
FiniteStateVariableType, "FiniteStateVariableType"
FiniteTransitionVariableType, "FiniteTransitionVariableType"
FirstInGroup, "FirstInGroup"
FirstInGroupFlag, "FirstInGroupFlag"
FixedBase, "FixedBase"
Float, "Float"
FolderType, "FolderType"
ForceKeyRotation, "ForceKeyRotation"
Frame, "Frame"
FrameType, "FrameType"
FromState, "FromState"
GeneralModelChangeEventType, "GeneralModelChangeEventType"
GenerateFileForRead, "GenerateFileForRead"
GenerateFileForWrite, "GenerateFileForWrite"
GeneratesEvent, "GeneratesEvent"
GenericAttributes, "GenericAttributes"
GenericAttributeValue, "GenericAttributeValue"
GetCertificates, "GetCertificates"
GetEncryptingKey, "GetEncryptingKey"
GetEndpointsRequest, "GetEndpointsRequest"
GetEndpointsResponse, "GetEndpointsResponse"
GetGroupMemberships, "GetGroupMemberships"
GetMonitoredItems, "GetMonitoredItems"
GetPosition, "GetPosition"
GetRejectedList, "GetRejectedList"
GetSecurityGroup, "GetSecurityGroup"
GetSecurityKeys, "GetSecurityKeys"
GroupId, "GroupId"
GroupProperties, "GroupProperties"
GroupVersion, "GroupVersion"
GuardVariableType, "GuardVariableType"
Guid, "Guid"
HAConfiguration, "HA Configuration"
Halt, "Halt"
Halted, "Halted"
HaltedToReady, "HaltedToReady"
Handle, "Handle"
HasAddIn, "HasAddIn"
HasAlarmSuppressionGroup, "HasAlarmSuppressionGroup"
HasArgumentDescription, "HasArgumentDescription"
HasAttachedComponent, "HasAttachedComponent"
HasCause, "HasCause"
HasChild, "HasChild"
HasComponent, "HasComponent"
HasCondition, "HasCondition"
HasContainedComponent, "HasContainedComponent"
HasCurrentData, "HasCurrentData"
HasCurrentEvent, "HasCurrentEvent"
HasDataSetReader, "HasDataSetReader"
HasDataSetWriter, "HasDataSetWriter"
HasDescription, "HasDescription"
HasDictionaryEntry, "HasDictionaryEntry"
HasEffect, "HasEffect"
HasEffectDisable, "HasEffectDisable"
HasEffectEnable, "HasEffectEnable"
HasEffectSuppressed, "HasEffectSuppressed"
HasEffectUnsuppressed, "HasEffectUnsuppressed"
HasEncoding, "HasEncoding"
HasEngineeringUnitDetails, "HasEngineeringUnitDetails"
HasEventSource, "HasEventSource"
HasFalseSubState, "HasFalseSubState"
HasGuard, "HasGuard"
HasHistoricalConfiguration, "HasHistoricalConfiguration"
HasInterface, "HasInterface"
HasKeyValueDescription, "HasKeyValueDescription"
HasLowerLayerInterface, "HasLowerLayerInterface"
HasModellingRule, "HasModellingRule"
HasNotifier, "HasNotifier"
HasOptionalInputArgumentDescription, "HasOptionalInputArgumentDescription"
HasOrderedComponent, "HasOrderedComponent"
HasPhysicalComponent, "HasPhysicalComponent"
HasProperty, "HasProperty"
HasPubSubConnection, "HasPubSubConnection"
HasPushedSecurityGroup, "HasPushedSecurityGroup"
HasQuantity, "HasQuantity"
HasReaderGroup, "HasReaderGroup"
HasReferenceDescription, "HasReferenceDescription"
HasSecureElement, "HasSecureElement"
HasStructuredComponent, "HasStructuredComponent"
HasSubStateMachine, "HasSubStateMachine"
HasSubtype, "HasSubtype"
HasTrueSubState, "HasTrueSubState"
HasTypeDefinition, "HasTypeDefinition"
HasWriterGroup, "HasWriterGroup"
HeaderLayoutUri, "HeaderLayoutUri"
HierarchicalReferences, "HierarchicalReferences"
High, "High"
HighDeadband, "HighDeadband"
HighestActiveSeverity, "HighestActiveSeverity"
HighestUnackSeverity, "HighestUnackSeverity"
HighHigh, "HighHigh"
HighHighDeadband, "HighHighDeadband"
HighHighLimit, "HighHighLimit"
HighHighState, "HighHighState"
HighHighToHigh, "HighHighToHigh"
HighLimit, "HighLimit"
HighlyManagedAlarmConditionClassType, "HighlyManagedAlarmConditionClassType"
HighState, "HighState"
HighToHighHigh, "HighToHighHigh"
HistoricalDataConfigurationType, "HistoricalDataConfigurationType"
HistoricalEventConfigurationType, "HistoricalEventConfigurationType"
HistoricalEventFilter, "HistoricalEventFilter"
HistoricalExternalEventSourceType, "HistoricalExternalEventSourceType"
HistoryData, "HistoryData"
HistoryEvent, "HistoryEvent"
HistoryEventFieldList, "HistoryEventFieldList"
HistoryModifiedData, "HistoryModifiedData"
HistoryModifiedEvent, "HistoryModifiedEvent"
HistoryReadCount, "HistoryReadCount"
HistoryReadDetails, "HistoryReadDetails"
HistoryReadRequest, "HistoryReadRequest"
HistoryReadResponse, "HistoryReadResponse"
HistoryReadResult, "HistoryReadResult"
HistoryReadValueId, "HistoryReadValueId"
HistoryServerCapabilities, "HistoryServerCapabilities"
HistoryServerCapabilitiesType, "HistoryServerCapabilitiesType"
HistoryUpdateCount, "HistoryUpdateCount"
HistoryUpdateDetails, "HistoryUpdateDetails"
HistoryUpdateRequest, "HistoryUpdateRequest"
HistoryUpdateResponse, "HistoryUpdateResponse"
HistoryUpdateResult, "HistoryUpdateResult"
HistoryUpdateType, "HistoryUpdateType"
HttpsCertificateType, "HttpsCertificateType"
IBaseEthernetCapabilitiesType, "IBaseEthernetCapabilitiesType"
Icon, "Icon"
Id, "Id"
Identities, "Identities"
IdentityCriteriaType, "IdentityCriteriaType"
IdentityMappingRuleType, "IdentityMappingRuleType"
IdentityTokenPolicy, "IdentityTokenPolicy"
Idle, "Idle"
IdleToApplyWrite, "IdleToApplyWrite"
IdleToReadPrepare, "IdleToReadPrepare"
IdType, "IdType"
IetfBaseNetworkInterfaceType, "IetfBaseNetworkInterfaceType"
IIeeeAutoNegotiationStatusType, "IIeeeAutoNegotiationStatusType"
IIeeeBaseEthernetPortType, "IIeeeBaseEthernetPortType"
IIeeeBaseTsnStatusStreamType, "IIeeeBaseTsnStatusStreamType"
IIeeeBaseTsnStreamType, "IIeeeBaseTsnStreamType"
IIeeeBaseTsnTrafficSpecificationType, "IIeeeBaseTsnTrafficSpecificationType"
IIeeeTsnInterfaceConfigurationListenerType, "IIeeeTsnInterfaceConfigurationListenerType"
IIeeeTsnInterfaceConfigurationTalkerType, "IIeeeTsnInterfaceConfigurationTalkerType"
IIeeeTsnInterfaceConfigurationType, "IIeeeTsnInterfaceConfigurationType"
IIeeeTsnMacAddressType, "IIeeeTsnMacAddressType"
IIeeeTsnVlanTagType, "IIeeeTsnVlanTagType"
IIetfBaseNetworkInterfaceType, "IIetfBaseNetworkInterfaceType"
Image, "Image"
ImageBMP, "ImageBMP"
ImageGIF, "ImageGIF"
ImageItemType, "ImageItemType"
ImageJPG, "ImageJPG"
ImagePNG, "ImagePNG"
Index, "Index"
IndexRange, "IndexRange"
InitialStateType, "InitialStateType"
InputArguments, "InputArguments"
InputNode, "InputNode"
InsertAnnotationCapability, "InsertAnnotationCapability"
InsertDataCapability, "InsertDataCapability"
InsertEventCapability, "InsertEventCapability"
InstanceCount, "InstanceCount"
InstanceNode, "InstanceNode"
InstrumentDiagnosticAlarmType, "InstrumentDiagnosticAlarmType"
InstrumentRange, "InstrumentRange"
Int16, "Int16"
Int32, "Int32"
Int64, "Int64"
Integer, "Integer"
IntegerId, "IntegerId"
InterfaceAdminStatus, "InterfaceAdminStatus"
InterfaceName, "InterfaceName"
InterfaceName_Placeholder, "<InterfaceName>"
InterfaceOperStatus, "InterfaceOperStatus"
InterfaceTypes, "InterfaceTypes"
IntermediateResult, "IntermediateResult"
Interval, "Interval"
InvalidateKeys, "InvalidateKeys"
InvalidHostname, "InvalidHostname"
InvalidUri, "InvalidUri"
InvocationCreationTime, "InvocationCreationTime"
IOrderedObjectType, "IOrderedObjectType"
IPriorityMappingEntryType, "IPriorityMappingEntryType"
IrdiDictionaryEntryType, "IrdiDictionaryEntryType"
IsConnected, "IsConnected"
IsDeleteModified, "IsDeleteModified"
IsDeprecated, "IsDeprecated"
IsExecutableOn, "IsExecutableOn"
IsExecutingOn, "IsExecutingOn"
IsHostedBy, "IsHostedBy"
IsNamespaceSubset, "IsNamespaceSubset"
IsPhysicallyConnectedTo, "IsPhysicallyConnectedTo"
ISrClassType, "ISrClassType"
IsSingleton, "IsSingleton"
IssuedIdentityToken, "IssuedIdentityToken"
IssuerEndpointUrl, "IssuerEndpointUrl"
IVlanIdType, "IVlanIdType"
JsonDataSetMessageContentMask, "JsonDataSetMessageContentMask"
JsonDataSetReaderMessageDataType, "JsonDataSetReaderMessageDataType"
JsonDataSetReaderMessageType, "JsonDataSetReaderMessageType"
JsonDataSetWriterMessageDataType, "JsonDataSetWriterMessageDataType"
JsonDataSetWriterMessageType, "JsonDataSetWriterMessageType"
JsonNetworkMessageContentMask, "JsonNetworkMessageContentMask"
JsonWriterGroupMessageDataType, "JsonWriterGroupMessageDataType"
JsonWriterGroupMessageType, "JsonWriterGroupMessageType"
KeepAliveTime, "KeepAliveTime"
KeyCredentialAuditEventType, "KeyCredentialAuditEventType"
KeyCredentialConfiguration, "KeyCredentialConfiguration"
KeyCredentialConfigurationFolderType, "KeyCredentialConfigurationFolderType"
KeyCredentialConfigurationType, "KeyCredentialConfigurationType"
KeyCredentialDeletedAuditEventType, "KeyCredentialDeletedAuditEventType"
KeyCredentialUpdatedAuditEventType, "KeyCredentialUpdatedAuditEventType"
KeyFrameCount, "KeyFrameCount"
KeyLifetime, "KeyLifetime"
KeyPushTargets, "KeyPushTargets"
KeyValuePair, "KeyValuePair"
LastChange, "LastChange"
LastMethodCall, "LastMethodCall"
LastMethodCallTime, "LastMethodCallTime"
LastMethodInputArguments, "LastMethodInputArguments"
LastMethodInputValues, "LastMethodInputValues"
LastMethodOutputArguments, "LastMethodOutputArguments"
LastMethodOutputValues, "LastMethodOutputValues"
LastMethodReturnStatus, "LastMethodReturnStatus"
LastMethodSessionId, "LastMethodSessionId"
LastModifiedTime, "LastModifiedTime"
LastPushErrorTime, "LastPushErrorTime"
LastPushExecutionTime, "LastPushExecutionTime"
LastResponse, "LastResponse"
LastSeverity, "LastSeverity"
LastTransition, "LastTransition"
LastTransitionTime, "LastTransitionTime"
LastUpdateTime, "LastUpdateTime"
LatchedState, "LatchedState"
LatePublishRequestCount, "LatePublishRequestCount"
LengthUnit, "LengthUnit"
LimitAlarmType, "LimitAlarmType"
LimitState, "LimitState"
LinearConversion, "LinearConversion"
LinearConversionDataType, "LinearConversionDataType"
ListenerStatus, "ListenerStatus"
ListenerStreams, "ListenerStreams"
ListId, "ListId"
LiteralOperand, "LiteralOperand"
LiveValues, "LiveValues"
LocaleId, "LocaleId"
LocaleIdArray, "LocaleIdArray"
LocaleIds, "LocaleIds"
LocalizedText, "LocalizedText"
LocalTime, "LocalTime"
Locations, "Locations"
Low, "Low"
LowDeadband, "LowDeadband"
LowLimit, "LowLimit"
LowLow, "LowLow"
LowLowDeadband, "LowLowDeadband"
LowLowLimit, "LowLowLimit"
LowLowState, "LowLowState"
LowLowToLow, "LowLowToLow"
LowState, "LowState"
LowToLowLow, "LowToLowLow"
MacAddress, "MacAddress"
MaintenanceConditionClassType, "MaintenanceConditionClassType"
ManufacturerName, "ManufacturerName"
MappingTables, "MappingTables"
MappingUri, "MappingUri"
MathMLConversion, "MathMLConversion"
MathMLInverseConversion, "MathMLInverseConversion"
MaxArrayLength, "MaxArrayLength"
MaxBrowseContinuationPoints, "MaxBrowseContinuationPoints"
MaxByteStringLength, "MaxByteStringLength"
MaxCharacters, "MaxCharacters"
MaxCountStoredValues, "MaxCountStoredValues"
MaxDataSetReaders, "MaxDataSetReaders"
MaxDataSetWriters, "MaxDataSetWriters"
MaxDataSetWritersPerGroup, "MaxDataSetWritersPerGroup"
MaxFieldsPerDataSet, "MaxFieldsPerDataSet"
MaxFrameLength, "MaxFrameLength"
MaxFrameSize, "MaxFrameSize"
MaxFutureKeyCount, "MaxFutureKeyCount"
MaxHistoryContinuationPoints, "MaxHistoryContinuationPoints"
Maximum, "Maximum"
MaximumActiveState, "MaximumActiveState"
MaximumAlarmRate, "MaximumAlarmRate"
MaximumReAlarmCount, "MaximumReAlarmCount"
MaximumUnAck, "MaximumUnAck"
MaxInstanceCount, "MaxInstanceCount"
MaxIntervalFrames, "MaxIntervalFrames"
MaxKeepAliveCount, "MaxKeepAliveCount"
MaxLifetimeCount, "MaxLifetimeCount"
MaxMonitoredItems, "MaxMonitoredItems"
MaxMonitoredItemsPerCall, "MaxMonitoredItemsPerCall"
MaxMonitoredItemsPerSubscription, "MaxMonitoredItemsPerSubscription"
MaxMonitoredItemsQueueSize, "MaxMonitoredItemsQueueSize"
MaxNetworkMessageSize, "MaxNetworkMessageSize"
MaxNetworkMessageSizeBroker, "MaxNetworkMessageSizeBroker"
MaxNetworkMessageSizeDatagram, "MaxNetworkMessageSizeDatagram"
MaxNodesPerBrowse, "MaxNodesPerBrowse"
MaxNodesPerHistoryReadData, "MaxNodesPerHistoryReadData"
MaxNodesPerHistoryReadEvents, "MaxNodesPerHistoryReadEvents"
MaxNodesPerHistoryUpdateData, "MaxNodesPerHistoryUpdateData"
MaxNodesPerHistoryUpdateEvents, "MaxNodesPerHistoryUpdateEvents"
MaxNodesPerMethodCall, "MaxNodesPerMethodCall"
MaxNodesPerNodeManagement, "MaxNodesPerNodeManagement"
MaxNodesPerRead, "MaxNodesPerRead"
MaxNodesPerRegisterNodes, "MaxNodesPerRegisterNodes"
MaxNodesPerTranslateBrowsePathsToNodeIds, "MaxNodesPerTranslateBrowsePathsToNodeIds"
MaxNodesPerWrite, "MaxNodesPerWrite"
MaxNotificationsPerPublish, "MaxNotificationsPerPublish"
MaxPastKeyCount, "MaxPastKeyCount"
MaxPublishedDataSets, "MaxPublishedDataSets"
MaxPubSubConnections, "MaxPubSubConnections"
MaxPushTargets, "MaxPushTargets"
MaxQueryContinuationPoints, "MaxQueryContinuationPoints"
MaxReaderGroups, "MaxReaderGroups"
MaxRecycleCount, "MaxRecycleCount"
MaxResponseMessageSize, "MaxResponseMessageSize"
MaxReturnDataValues, "MaxReturnDataValues"
MaxReturnEventValues, "MaxReturnEventValues"
MaxSampledMonitoredItemsCount, "MaxSampledMonitoredItemsCount"
MaxSecurityGroups, "MaxSecurityGroups"
MaxSelectClauseParameters, "MaxSelectClauseParameters"
MaxSessions, "MaxSessions"
MaxStandaloneSubscribedDataSets, "MaxStandaloneSubscribedDataSets"
MaxStringLength, "MaxStringLength"
MaxSubscriptions, "MaxSubscriptions"
MaxSubscriptionsPerSession, "MaxSubscriptionsPerSession"
MaxTimeInterval, "MaxTimeInterval"
MaxTimeShelved, "MaxTimeShelved"
MaxTimeStoredValues, "MaxTimeStoredValues"
MaxTrustListSize, "MaxTrustListSize"
MaxWhereClauseParameters, "MaxWhereClauseParameters"
MaxWriterGroups, "MaxWriterGroups"
MdnsDiscoveryConfiguration, "MdnsDiscoveryConfiguration"
Message, "Message"
MessageReceiveTimeout, "MessageReceiveTimeout"
MessageRepeatCount, "MessageRepeatCount"
MessageRepeatDelay, "MessageRepeatDelay"
MessageSecurityMode, "MessageSecurityMode"
MessageSettings, "MessageSettings"
MetaDataQueueName, "MetaDataQueueName"
MetaDataUpdateTime, "MetaDataUpdateTime"
MethodAttributes, "MethodAttributes"
MethodId, "MethodId"
MethodNode, "MethodNode"
MimeType, "MimeType"
MinSupportedSampleRate, "MinSupportedSampleRate"
MinTimeInterval, "MinTimeInterval"
Mode, "Mode"
ModelChangeStructureDataType, "ModelChangeStructureDataType"
ModelChangeStructureVerbMask, "ModelChangeStructureVerbMask"
ModellingRule_ExposesItsArray, "ExposesItsArray"
ModellingRule_Mandatory, "Mandatory"
ModellingRule_MandatoryPlaceholder, "MandatoryPlaceholder"
ModellingRule_Optional, "Optional"
ModellingRule_OptionalPlaceholder, "OptionalPlaceholder"
ModellingRules, "ModellingRules"
ModellingRuleType, "ModellingRuleType"
ModelVersion, "ModelVersion"
ModificationInfo, "ModificationInfo"
ModifyCount, "ModifyCount"
ModifyFieldSelection, "ModifyFieldSelection"
ModifyMonitoredItemsCount, "ModifyMonitoredItemsCount"
ModifyMonitoredItemsRequest, "ModifyMonitoredItemsRequest"
ModifyMonitoredItemsResponse, "ModifyMonitoredItemsResponse"
ModifySubscriptionCount, "ModifySubscriptionCount"
ModifySubscriptionRequest, "ModifySubscriptionRequest"
ModifySubscriptionResponse, "ModifySubscriptionResponse"
ModifyUser, "ModifyUser"
MonitoredItemCount, "MonitoredItemCount"
MonitoredItemCreateRequest, "MonitoredItemCreateRequest"
MonitoredItemCreateResult, "MonitoredItemCreateResult"
MonitoredItemModifyRequest, "MonitoredItemModifyRequest"
MonitoredItemModifyResult, "MonitoredItemModifyResult"
MonitoredItemNotification, "MonitoredItemNotification"
MonitoringFilter, "MonitoringFilter"
MonitoringFilterResult, "MonitoringFilterResult"
MonitoringMode, "MonitoringMode"
MonitoringParameters, "MonitoringParameters"
MonitoringQueueOverflowCount, "MonitoringQueueOverflowCount"
MoveOrCopy, "MoveOrCopy"
MulticastDnsEnabled, "MulticastDnsEnabled"
MultiStateDictionaryEntryDiscreteBaseType, "MultiStateDictionaryEntryDiscreteBaseType"
MultiStateDictionaryEntryDiscreteType, "MultiStateDictionaryEntryDiscreteType"
MultiStateDiscreteType, "MultiStateDiscreteType"
MultiStateValueDiscreteType, "MultiStateValueDiscreteType"
Name, "Name"
NamespaceArray, "NamespaceArray"
NamespaceFile, "NamespaceFile"
NamespaceIdentifier_Placeholder, "<NamespaceIdentifier>"
NamespaceMetadataType, "NamespaceMetadataType"
NamespacePublicationDate, "NamespacePublicationDate"
Namespaces, "Namespaces"
NamespacesType, "NamespacesType"
NamespaceUri, "NamespaceUri"
NamespaceVersion, "NamespaceVersion"
NamingRuleType, "NamingRuleType"
NDimensionArrayItemType, "NDimensionArrayItemType"
NegotiationStatus, "NegotiationStatus"
NetworkAddressDataType, "NetworkAddressDataType"
NetworkAddressType, "NetworkAddressType"
NetworkAddressUrlDataType, "NetworkAddressUrlDataType"
NetworkAddressUrlType, "NetworkAddressUrlType"
NetworkGroupDataType, "NetworkGroupDataType"
NetworkInterface, "NetworkInterface"
NetworkInterfaces, "NetworkInterfaces"
NetworkMessageContentMask, "NetworkMessageContentMask"
NetworkMessageNumber, "NetworkMessageNumber"
NewStateId, "NewStateId"
NewValue, "NewValue"
NewValues, "NewValues"
NextSequenceNumber, "NextSequenceNumber"
Node, "Node"
NodeAttributes, "NodeAttributes"
NodeAttributesMask, "NodeAttributesMask"
NodeClass, "NodeClass"
NodeId, "NodeId"
NodeReference, "NodeReference"
NodesToAdd, "NodesToAdd"
NodesToDelete, "NodesToDelete"
NodeTypeDescription, "NodeTypeDescription"
NodeVersion, "NodeVersion"
NonExclusiveDeviationAlarmType, "NonExclusiveDeviationAlarmType"
NonExclusiveLevelAlarmType, "NonExclusiveLevelAlarmType"
NonExclusiveLimitAlarmType, "NonExclusiveLimitAlarmType"
NonExclusiveRateOfChangeAlarmType, "NonExclusiveRateOfChangeAlarmType"
NonHierarchicalReferences, "NonHierarchicalReferences"
NonTransparentBackupRedundancyType, "NonTransparentBackupRedundancyType"
NonTransparentNetworkRedundancyType, "NonTransparentNetworkRedundancyType"
NonTransparentRedundancyType, "NonTransparentRedundancyType"
NormalizedString, "NormalizedString"
NormalState, "NormalState"
NotificationData, "NotificationData"
NotificationMessage, "NotificationMessage"
NotificationsCount, "NotificationsCount"
Number, "Number"
NumberInList, "NumberInList"
Numerator, "Numerator"
NumericRange, "NumericRange"
ObjectAttributes, "ObjectAttributes"
ObjectId, "ObjectId"
ObjectNode, "ObjectNode"
ObjectsFolder, "Objects"
ObjectTypeAttributes, "ObjectTypeAttributes"
ObjectTypeNode, "ObjectTypeNode"
ObjectTypesFolder, "ObjectTypes"
OffDelay, "OffDelay"
OffNormalAlarmType, "OffNormalAlarmType"
OkResponse, "OkResponse"
OldStateId, "OldStateId"
OldValue, "OldValue"
OldValues, "OldValues"
OnDelay, "OnDelay"
OneShotShelve, "OneShotShelve"
OneShotShelve2, "OneShotShelve2"
OneShotShelved, "OneShotShelved"
OneShotShelvedToTimedShelved, "OneShotShelvedToTimedShelved"
OneShotShelvedToUnshelved, "OneShotShelvedToUnshelved"
OPCBinarySchema_TypeSystem, "OPC Binary"
OpcUa_BinarySchema, "Opc.Ua"
OpcUa_XmlSchema, "Opc.Ua"
OPCUANamespaceMetadata, "http://opcfoundation.org/UA/"
Open, "Open"
OpenCount, "OpenCount"
OpenFileMode, "OpenFileMode"
OpenSecureChannelRequest, "OpenSecureChannelRequest"
OpenSecureChannelResponse, "OpenSecureChannelResponse"
OpenWithMasks, "OpenWithMasks"
OperationLimits, "OperationLimits"
OperationLimitsType, "OperationLimitsType"
OperStatus, "OperStatus"
OptionalFieldNamee_Placeholder, "<OptionalFieldName>"
OptionSet, "OptionSet"
OptionSetLength, "OptionSetLength"
OptionSetType, "OptionSetType"
OptionSetValues, "OptionSetValues"
OrderedListType, "OrderedListType"
OrderedObject_Placeholder, "<OrderedObject>"
Organizes, "Organizes"
Orientation, "Orientation"
OrientationType, "OrientationType"
OutOfServiceState, "OutOfServiceState"
OutputArguments, "OutputArguments"
OverrideValueHandling, "OverrideValueHandling"
ParameterDataTypeId, "ParameterDataTypeId"
ParsingResult, "ParsingResult"
PasswordLength, "PasswordLength"
PasswordOptions, "PasswordOptions"
PasswordOptionsMask, "PasswordOptionsMask"
PasswordRestrictions, "PasswordRestrictions"
PercentDataBad, "PercentDataBad"
PercentDataGood, "PercentDataGood"
PerformInsertReplace, "PerformInsertReplace"
PerformUpdateType, "PerformUpdateType"
PermissionType, "PermissionType"
PhysAddress, "PhysAddress"
PlaceInService, "PlaceInService"
PlaceInService2, "PlaceInService2"
PortableNodeId, "PortableNodeId"
PortableQualifiedName, "PortableQualifiedName"
Priority, "Priority"
PriorityCodePoint, "PriorityCodePoint"
PriorityLabel, "PriorityLabel"
PriorityMappingEntryType, "PriorityMappingEntryType"
PriorityMappingTableType, "PriorityMappingTableType"
PriorityMapppingEntries, "PriorityMapppingEntries"
PriorityValue_DSCP, "PriorityValue_DSCP"
PriorityValue_PCP, "PriorityValue_PCP"
ProcessConditionClassType, "ProcessConditionClassType"
ProcessingOffset, "ProcessingOffset"
ProductName, "ProductName"
ProductUri, "ProductUri"
ProfileUri, "ProfileUri"
ProgramDiagnostic, "ProgramDiagnostic"
ProgramDiagnostic2DataType, "ProgramDiagnostic2DataType"
ProgramDiagnostic2Type, "ProgramDiagnostic2Type"
ProgramDiagnosticDataType, "ProgramDiagnosticDataType"
ProgramDiagnosticType, "ProgramDiagnosticType"
ProgramStateMachineType, "ProgramStateMachineType"
ProgramTransitionAuditEventType, "ProgramTransitionAuditEventType"
ProgramTransitionEventType, "ProgramTransitionEventType"
Progress, "Progress"
ProgressEventType, "ProgressEventType"
Prompt, "Prompt"
PropertyType, "PropertyType"
ProvisionableDevice, "ProvisionableDevice"
ProvisionableDeviceType, "ProvisionableDeviceType"
PublishCount, "PublishCount"
PublishedData, "PublishedData"
PublishedDataItemsDataType, "PublishedDataItemsDataType"
PublishedDataItemsType, "PublishedDataItemsType"
PublishedDataSetCustomSourceDataType, "PublishedDataSetCustomSourceDataType"
PublishedDataSetDataType, "PublishedDataSetDataType"
PublishedDataSetName_Placeholder, "<PublishedDataSetName>"
PublishedDataSets, "PublishedDataSets"
PublishedDataSetSourceDataType, "PublishedDataSetSourceDataType"
PublishedDataSetType, "PublishedDataSetType"
PublishedEventsDataType, "PublishedEventsDataType"
PublishedEventsType, "PublishedEventsType"
PublishedVariableDataType, "PublishedVariableDataType"
PublisherId, "PublisherId"
PublishingEnabled, "PublishingEnabled"
PublishingInterval, "PublishingInterval"
PublishingIntervalCount, "PublishingIntervalCount"
PublishingOffset, "PublishingOffset"
PublishRequest, "PublishRequest"
PublishRequestCount, "PublishRequestCount"
PublishResponse, "PublishResponse"
PublishSubscribe, "PublishSubscribe"
PublishSubscribeType, "PublishSubscribeType"
PubSubCapabilitiesType, "PubSubCapabilitiesType"
PubSubCapablities, "PubSubCapablities"
PubSubCommunicationFailureEventType, "PubSubCommunicationFailureEventType"
PubSubConfiguration, "PubSubConfiguration"
PubSubConfiguration2DataType, "PubSubConfiguration2DataType"
PubSubConfigurationDataType, "PubSubConfigurationDataType"
PubSubConfigurationRefDataType, "PubSubConfigurationRefDataType"
PubSubConfigurationRefMask, "PubSubConfigurationRefMask"
PubSubConfigurationType, "PubSubConfigurationType"
PubSubConfigurationValueDataType, "PubSubConfigurationValueDataType"
PubSubConnectionDataType, "PubSubConnectionDataType"
PubSubConnectionType, "PubSubConnectionType"
PubSubDiagnosticsConnectionType, "PubSubDiagnosticsConnectionType"
PubSubDiagnosticsCounterClassification, "PubSubDiagnosticsCounterClassification"
PubSubDiagnosticsCounterType, "PubSubDiagnosticsCounterType"
PubSubDiagnosticsDataSetReaderType, "PubSubDiagnosticsDataSetReaderType"
PubSubDiagnosticsDataSetWriterType, "PubSubDiagnosticsDataSetWriterType"
PubSubDiagnosticsReaderGroupType, "PubSubDiagnosticsReaderGroupType"
PubSubDiagnosticsRootType, "PubSubDiagnosticsRootType"
PubSubDiagnosticsType, "PubSubDiagnosticsType"
PubSubDiagnosticsWriterGroupType, "PubSubDiagnosticsWriterGroupType"
PubSubEventNotifier, "EventNotifier"
PubSubGroupDataType, "PubSubGroupDataType"
PubSubGroupType, "PubSubGroupType"
PubSubKeyPushTargetDataType, "PubSubKeyPushTargetDataType"
PubSubKeyPushTargetFolderType, "PubSubKeyPushTargetFolderType"
PubSubKeyPushTargetType, "PubSubKeyPushTargetType"
PubSubKeyServiceType, "PubSubKeyServiceType"
PubSubState, "PubSubState"
PubSubStatusEventType, "PubSubStatusEventType"
PubSubStatusType, "PubSubStatusType"
PubSubTransportLimitsExceedEventType, "PubSubTransportLimitsExceedEventType"
PushTargetFolderName_Placeholder, "<PushTargetFolderName>"
PushTargetName_Placeholder, "<PushTargetName>"
QosCategory, "QosCategory"
QosDataType, "QosDataType"
QualifiedName, "QualifiedName"
Quality, "Quality"
Quantities, "Quantities"
QuantitiesFolderType, "QuantitiesFolderType"
Quantity_Placeholder, "<Quantity>"
QuantityDimension, "QuantityDimension"
QuantityType, "QuantityType"
QueryDataDescription, "QueryDataDescription"
QueryDataSet, "QueryDataSet"
QueryFirstCount, "QueryFirstCount"
QueryFirstRequest, "QueryFirstRequest"
QueryFirstResponse, "QueryFirstResponse"
QueryNextCount, "QueryNextCount"
QueryNextRequest, "QueryNextRequest"
QueryNextResponse, "QueryNextResponse"
QueueName, "QueueName"
Range, "Range"
Rate, "Rate"
RationalNumber, "RationalNumber"
RationalNumberType, "RationalNumberType"
Read, "Read"
ReadAnnotationDataDetails, "ReadAnnotationDataDetails"
ReadAtTimeDetails, "ReadAtTimeDetails"
ReadCount, "ReadCount"
ReaderGroupDataType, "ReaderGroupDataType"
ReaderGroupMessageDataType, "ReaderGroupMessageDataType"
ReaderGroupMessageType, "ReaderGroupMessageType"
ReaderGroupName_Placeholder, "<ReaderGroupName>"
ReaderGroupTransportDataType, "ReaderGroupTransportDataType"
ReaderGroupTransportType, "ReaderGroupTransportType"
ReaderGroupType, "ReaderGroupType"
ReadEventDetails, "ReadEventDetails"
ReadEventDetails2, "ReadEventDetails2"
ReadPrepare, "ReadPrepare"
ReadPrepareToError, "ReadPrepareToError"
ReadPrepareToReadTransfer, "ReadPrepareToReadTransfer"
ReadProcessedDetails, "ReadProcessedDetails"
ReadRawModifiedDetails, "ReadRawModifiedDetails"
ReadRequest, "ReadRequest"
ReadResponse, "ReadResponse"
ReadTransfer, "ReadTransfer"
ReadTransferToError, "ReadTransferToError"
ReadTransferToIdle, "ReadTransferToIdle"
ReadValueId, "ReadValueId"
Ready, "Ready"
ReadyToHalted, "ReadyToHalted"
ReadyToRunning, "ReadyToRunning"
ReAlarmRepeatCount, "ReAlarmRepeatCount"
ReAlarmTime, "ReAlarmTime"
ReceiveOffset, "ReceiveOffset"
ReceiveQosDataType, "ReceiveQosDataType"
ReceiveQosPriorityDataType, "ReceiveQosPriorityDataType"
ReceiveTime, "ReceiveTime"
RecycleCount, "RecycleCount"
RedundancySupport, "RedundancySupport"
RedundantServerArray, "RedundantServerArray"
RedundantServerDataType, "RedundantServerDataType"
RedundantServerMode, "RedundantServerMode"
ReferenceDescription, "ReferenceDescription"
ReferenceDescriptionDataType, "ReferenceDescriptionDataType"
ReferenceDescriptionVariableType, "ReferenceDescriptionVariableType"
ReferenceListEntryDataType, "ReferenceListEntryDataType"
ReferenceNode, "ReferenceNode"
ReferenceRefinement, "ReferenceRefinement"
References, "References"
ReferencesToAdd, "ReferencesToAdd"
ReferencesToDelete, "ReferencesToDelete"
ReferenceTypeAttributes, "ReferenceTypeAttributes"
ReferenceTypeNode, "ReferenceTypeNode"
ReferenceTypesFolder, "ReferenceTypes"
RefreshEndEventType, "RefreshEndEventType"
RefreshRequiredEventType, "RefreshRequiredEventType"
RefreshStartEventType, "RefreshStartEventType"
RegisteredServer, "RegisteredServer"
RegisterNodesCount, "RegisterNodesCount"
RegisterNodesRequest, "RegisterNodesRequest"
RegisterNodesResponse, "RegisterNodesResponse"
RegisterServer2Request, "RegisterServer2Request"
RegisterServer2Response, "RegisterServer2Response"
RegisterServerRequest, "RegisterServerRequest"
RegisterServerResponse, "RegisterServerResponse"
RejectedRequestsCount, "RejectedRequestsCount"
RejectedSessionCount, "RejectedSessionCount"
RelativePath, "RelativePath"
RelativePathElement, "RelativePathElement"
RemoveApplication, "RemoveApplication"
RemoveCertificate, "RemoveCertificate"
RemoveConnection, "RemoveConnection"
RemoveDataSetFolder, "RemoveDataSetFolder"
RemoveDataSetReader, "RemoveDataSetReader"
RemoveDataSetWriter, "RemoveDataSetWriter"
RemoveEndpoint, "RemoveEndpoint"
RemoveExtensionField, "RemoveExtensionField"
RemoveFromService, "RemoveFromService"
RemoveFromService2, "RemoveFromService2"
RemoveGroup, "RemoveGroup"
RemoveIdentity, "RemoveIdentity"
RemovePublishedDataSet, "RemovePublishedDataSet"
RemovePushTarget, "RemovePushTarget"
RemovePushTargetFolder, "RemovePushTargetFolder"
RemoveRole, "RemoveRole"
RemoveSecurityGroup, "RemoveSecurityGroup"
RemoveSecurityGroupFolder, "RemoveSecurityGroupFolder"
RemoveSubscribedDataSet, "RemoveSubscribedDataSet"
RemoveTargetVariables, "RemoveTargetVariables"
RemoveUser, "RemoveUser"
RemoveVariables, "RemoveVariables"
ReplaceDataCapability, "ReplaceDataCapability"
ReplaceEventCapability, "ReplaceEventCapability"
RepresentsSameEntityAs, "RepresentsSameEntityAs"
RepresentsSameFunctionalityAs, "RepresentsSameFunctionalityAs"
RepresentsSameHardwareAs, "RepresentsSameHardwareAs"
RepublishCount, "RepublishCount"
RepublishMessageCount, "RepublishMessageCount"
RepublishMessageRequestCount, "RepublishMessageRequestCount"
RepublishRequest, "RepublishRequest"
RepublishRequestCount, "RepublishRequestCount"
RepublishResponse, "RepublishResponse"
ReqTimes, "ReqTimes"
RequestedDeliveryGuarantee, "RequestedDeliveryGuarantee"
RequestedKeyCount, "RequestedKeyCount"
RequestedLifetime, "RequestedLifetime"
RequestHandle, "RequestHandle"
RequestHeader, "RequestHeader"
RequestServerStateChange, "RequestServerStateChange"
RequestTickets, "RequestTickets"
RequestType, "RequestType"
Requires, "Requires"
ResendData, "ResendData"
ReserveIds, "ReserveIds"
Reset, "Reset"
Reset2, "Reset2"
ResetToServerDefaults, "ResetToServerDefaults"
Resources, "Resources"
ResourceUri, "ResourceUri"
Respond, "Respond"
Respond2, "Respond2"
ResponseHeader, "ResponseHeader"
ResponseOptionSet, "ResponseOptionSet"
RestrictToList, "RestrictToList"
Result, "Result"
Resume, "Resume"
Retain, "Retain"
RetryInterval, "RetryInterval"
RevisedSessionTimeout, "RevisedSessionTimeout"
RoleMappingRuleChangedAuditEventType, "RoleMappingRuleChangedAuditEventType"
RoleName_Placeholder, "<RoleName>"
RolePermissionType, "RolePermissionType"
RoleSet, "RoleSet"
RoleSetType, "RoleSetType"
RoleType, "RoleType"
RootFolder, "Root"
RsaEncryptedSecret, "RsaEncryptedSecret"
RsaMinApplicationCertificateType, "RsaMinApplicationCertificateType"
RsaSha256ApplicationCertificateType, "RsaSha256ApplicationCertificateType"
Running, "Running"
RunningToHalted, "RunningToHalted"
RunningToReady, "RunningToReady"
RunningToSuspended, "RunningToSuspended"
SafetyConditionClassType, "SafetyConditionClassType"
SampledMonitoredItemsCount, "SampledMonitoredItemsCount"
SamplingInterval, "SamplingInterval"
SamplingIntervalDiagnostics, "SamplingIntervalDiagnostics"
SamplingIntervalDiagnosticsArray, "SamplingIntervalDiagnosticsArray"
SamplingIntervalDiagnosticsArrayType, "SamplingIntervalDiagnosticsArrayType"
SamplingIntervalDiagnosticsDataType, "SamplingIntervalDiagnosticsDataType"
SamplingIntervalDiagnosticsType, "SamplingIntervalDiagnosticsType"
SamplingOffset, "SamplingOffset"
SByte, "SByte"
SecondsTillShutdown, "SecondsTillShutdown"
SecureChannelId, "SecureChannelId"
SecurityGroupDataType, "SecurityGroupDataType"
SecurityGroupFolderName_Placeholder, "<SecurityGroupFolderName>"
SecurityGroupFolderType, "SecurityGroupFolderType"
SecurityGroupId, "SecurityGroupId"
SecurityGroupName_Placeholder, "<SecurityGroupName>"
SecurityGroups, "SecurityGroups"
SecurityGroupType, "SecurityGroupType"
SecurityKeyServices, "SecurityKeyServices"
SecurityMode, "SecurityMode"
SecurityPolicyUri, "SecurityPolicyUri"
SecurityRejectedRequestsCount, "SecurityRejectedRequestsCount"
SecurityRejectedSessionCount, "SecurityRejectedSessionCount"
SecurityTokenRequestType, "SecurityTokenRequestType"
SelectedFields, "SelectedFields"
SelectedResponse, "SelectedResponse"
SelectionDescriptions, "SelectionDescriptions"
SelectionListType, "SelectionListType"
Selections, "Selections"
SemanticChangeEventType, "SemanticChangeEventType"
SemanticChangeStructureDataType, "SemanticChangeStructureDataType"
SemanticVersionString, "SemanticVersionString"
Server, "Server"
Server_ServerRedundancy_CurrentServerId, "CurrentServerId"
Server_ServerRedundancy_ServerNetworkGroups, "ServerNetworkGroups"
Server_ServerRedundancy_ServerUriArray, "ServerUriArray"
ServerArray, "ServerArray"
ServerCapabilities, "ServerCapabilities"
ServerCapabilitiesType, "ServerCapabilitiesType"
ServerConfiguration, "ServerConfiguration"
ServerConfigurationType, "ServerConfigurationType"
ServerDiagnostics, "ServerDiagnostics"
ServerDiagnosticsSummary, "ServerDiagnosticsSummary"
ServerDiagnosticsSummaryDataType, "ServerDiagnosticsSummaryDataType"
ServerDiagnosticsSummaryType, "ServerDiagnosticsSummaryType"
ServerDiagnosticsType, "ServerDiagnosticsType"
ServerId, "ServerId"
ServerNetworkGroups, "ServerNetworkGroups"
ServerOnNetwork, "ServerOnNetwork"
ServerProfileArray, "ServerProfileArray"
ServerRedundancy, "ServerRedundancy"
ServerRedundancyType, "ServerRedundancyType"
ServerState, "ServerState"
ServerStatus, "ServerStatus"
ServerStatusDataType, "ServerStatusDataType"
ServerStatusType, "ServerStatusType"
ServerTimestampSupported, "ServerTimestampSupported"
ServerType, "ServerType"
ServerUnits, "ServerUnits"
ServerUnitType, "ServerUnitType"
ServerUri, "ServerUri"
ServerUriArray, "ServerUriArray"
ServerVendorCapabilityType, "ServerVendorCapabilityType"
ServerViewCount, "ServerViewCount"
ServiceCertificate, "ServiceCertificate"
ServiceCounterDataType, "ServiceCounterDataType"
ServiceFault, "ServiceFault"
ServiceLevel, "ServiceLevel"
ServiceName_Placeholder, "<ServiceName>"
ServiceStatus, "ServiceStatus"
ServiceUri, "ServiceUri"
SessionAbortCount, "SessionAbortCount"
SessionAuthenticationToken, "SessionAuthenticationToken"
SessionDiagnostics, "SessionDiagnostics"
SessionDiagnosticsArray, "SessionDiagnosticsArray"
SessionDiagnosticsArrayType, "SessionDiagnosticsArrayType"
SessionDiagnosticsDataType, "SessionDiagnosticsDataType"
SessionDiagnosticsObjectType, "SessionDiagnosticsObjectType"
SessionDiagnosticsVariableType, "SessionDiagnosticsVariableType"
SessionId, "SessionId"
SessionlessInvokeRequestType, "SessionlessInvokeRequestType"
SessionlessInvokeResponseType, "SessionlessInvokeResponseType"
SessionName, "SessionName"
SessionsDiagnosticsSummary, "SessionsDiagnosticsSummary"
SessionsDiagnosticsSummaryType, "SessionsDiagnosticsSummaryType"
SessionSecurityDiagnostics, "SessionSecurityDiagnostics"
SessionSecurityDiagnosticsArray, "SessionSecurityDiagnosticsArray"
SessionSecurityDiagnosticsArrayType, "SessionSecurityDiagnosticsArrayType"
SessionSecurityDiagnosticsDataType, "SessionSecurityDiagnosticsDataType"
SessionSecurityDiagnosticsType, "SessionSecurityDiagnosticsType"
SessionTimeoutCount, "SessionTimeoutCount"
SetMonitoringModeCount, "SetMonitoringModeCount"
SetMonitoringModeRequest, "SetMonitoringModeRequest"
SetMonitoringModeResponse, "SetMonitoringModeResponse"
SetpointNode, "SetpointNode"
SetPosition, "SetPosition"
SetPublishingModeCount, "SetPublishingModeCount"
SetPublishingModeRequest, "SetPublishingModeRequest"
SetPublishingModeResponse, "SetPublishingModeResponse"
SetRegistrarEndpoints, "SetRegistrarEndpoints"
SetSecurityKeys, "SetSecurityKeys"
SetSubscriptionDurable, "SetSubscriptionDurable"
SetTriggeringCount, "SetTriggeringCount"
SetTriggeringRequest, "SetTriggeringRequest"
SetTriggeringResponse, "SetTriggeringResponse"
Severity, "Severity"
SeverityHigh, "SeverityHigh"
SeverityHighHigh, "SeverityHighHigh"
SeverityLow, "SeverityLow"
SeverityLowLow, "SeverityLowLow"
ShelvedStateMachineType, "ShelvedStateMachineType"
ShelvingState, "ShelvingState"
ShelvingTime, "ShelvingTime"
ShutdownReason, "ShutdownReason"
SignatureData, "SignatureData"
SignedSoftwareCertificate, "SignedSoftwareCertificate"
Silence, "Silence"
SilenceState, "SilenceState"
SimpleAttributeOperand, "SimpleAttributeOperand"
SimpleTypeDescription, "SimpleTypeDescription"
Size, "Size"
SoftwareCertificates, "SoftwareCertificates"
SoftwareVersion, "SoftwareVersion"
SourceAddress, "SourceAddress"
SourceName, "SourceName"
SourceNode, "SourceNode"
SourceTimestamp, "SourceTimestamp"
Speed, "Speed"
SrClassId, "SrClassId"
StandaloneSubscribedDataSetDataType, "StandaloneSubscribedDataSetDataType"
StandaloneSubscribedDataSetName_Placeholder, "<StandaloneSubscribedDataSetName>"
StandaloneSubscribedDataSetRefDataType, "StandaloneSubscribedDataSetRefDataType"
StandaloneSubscribedDataSetType, "StandaloneSubscribedDataSetType"
Start, "Start"
StartOfArchive, "StartOfArchive"
StartOfOnlineArchive, "StartOfOnlineArchive"
StartTime, "StartTime"
State, "State"
StateMachineType, "StateMachineType"
StateNumber, "StateNumber"
StateType, "StateType"
StateVariableType, "StateVariableType"
StaticNodeIdTypes, "StaticNodeIdTypes"
StaticNumericNodeIdRange, "StaticNumericNodeIdRange"
StaticStringNodeIdPattern, "StaticStringNodeIdPattern"
StatisticalConditionClassType, "StatisticalConditionClassType"
Status, "Status"
StatusChangeNotification, "StatusChangeNotification"
StatusCode, "StatusCode"
StatusCodeId, "StatusCodeId"
StatusResult, "StatusResult"
Stepped, "Stepped"
StreamId, "StreamId"
StreamName, "StreamName"
Streams, "Streams"
String, "String"
Structure, "Structure"
StructureDefinition, "StructureDefinition"
StructureDescription, "StructureDescription"
StructureField, "StructureField"
StructureType, "StructureType"
SubAliasNameCategories_Placeholder, "<SubAliasNameCategories>"
SubError, "SubError"
SubscribedDataSet, "SubscribedDataSet"
SubscribedDataSetDataType, "SubscribedDataSetDataType"
SubscribedDataSetFolderName_Placeholder, "<SubscribedDataSetFolderName>"
SubscribedDataSetFolderType, "SubscribedDataSetFolderType"
SubscribedDataSetMirrorDataType, "SubscribedDataSetMirrorDataType"
SubscribedDataSetMirrorType, "SubscribedDataSetMirrorType"
SubscribedDataSets, "SubscribedDataSets"
SubscribedDataSetType, "SubscribedDataSetType"
SubscriptionAcknowledgement, "SubscriptionAcknowledgement"
SubscriptionDiagnostics, "SubscriptionDiagnostics"
SubscriptionDiagnosticsArray, "SubscriptionDiagnosticsArray"
SubscriptionDiagnosticsArrayType, "SubscriptionDiagnosticsArrayType"
SubscriptionDiagnosticsDataType, "SubscriptionDiagnosticsDataType"
SubscriptionDiagnosticsType, "SubscriptionDiagnosticsType"
SubscriptionId, "SubscriptionId"
SupportedPrivateKeyFormats, "SupportedPrivateKeyFormats"
SupportedSecurityPolicyUris, "SupportedSecurityPolicyUris"
SupportedTransportProfiles, "SupportedTransportProfiles"
SupportSecurityKeyPull, "SupportSecurityKeyPull"
SupportSecurityKeyPush, "SupportSecurityKeyPush"
SupportSecurityKeyServer, "SupportSecurityKeyServer"
SupportsFilteredRetain, "SupportsFilteredRetain"
Suppress, "Suppress"
Suppress2, "Suppress2"
SuppressedOrShelved, "SuppressedOrShelved"
SuppressedState, "SuppressedState"
Suspend, "Suspend"
Suspended, "Suspended"
SuspendedToHalted, "SuspendedToHalted"
SuspendedToReady, "SuspendedToReady"
SuspendedToRunning, "SuspendedToRunning"
Symbol, "Symbol"
SyntaxReferenceEntryType, "SyntaxReferenceEntryType"
SystemConditionClassType, "SystemConditionClassType"
SystemDiagnosticAlarmType, "SystemDiagnosticAlarmType"
SystemEventType, "SystemEventType"
SystemOffNormalAlarmType, "SystemOffNormalAlarmType"
SystemState, "SystemState"
SystemStatusChangeEventType, "SystemStatusChangeEventType"
TagVariables, "TagVariables"
TalkerStatus, "TalkerStatus"
TalkerStreams, "TalkerStreams"
TargetValueNode, "TargetValueNode"
TargetVariables, "TargetVariables"
TargetVariablesDataType, "TargetVariablesDataType"
TargetVariablesType, "TargetVariablesType"
TemporaryFileTransferType, "TemporaryFileTransferType"
TestingConditionClassType, "TestingConditionClassType"
ThreeDCartesianCoordinates, "3DCartesianCoordinates"
ThreeDCartesianCoordinatesType, "3DCartesianCoordinatesType"
ThreeDFrame, "3DFrame"
ThreeDFrameType, "3DFrameType"
ThreeDOrientation, "3DOrientation"
ThreeDOrientationType, "3DOrientationType"
ThreeDVector, "3DVector"
ThreeDVectorType, "3DVectorType"
Time, "Time"
TimeAwareOffset, "TimeAwareOffset"
TimedShelve, "TimedShelve"
TimedShelve2, "TimedShelve2"
TimedShelved, "TimedShelved"
TimedShelvedToOneShotShelved, "TimedShelvedToOneShotShelved"
TimedShelvedToUnshelved, "TimedShelvedToUnshelved"
TimeFirstChange, "TimeFirstChange"
TimestampsToReturn, "TimestampsToReturn"
TimeString, "TimeString"
TimeZoneDataType, "TimeZoneDataType"
Title, "Title"
Tolerance, "Tolerance"
Topic, "Topic"
Topics, "Topics"
ToState, "ToState"
TotalError, "TotalError"
TotalInformation, "TotalInformation"
TotalRequestCount, "TotalRequestCount"
TrainingConditionClassType, "TrainingConditionClassType"
TransactionDiagnostics, "TransactionDiagnostics"
TransactionDiagnosticsType, "TransactionDiagnosticsType"
TransactionErrorType, "TransactionErrorType"
TransferredToAltClientCount, "TransferredToAltClientCount"
TransferredToSameClientCount, "TransferredToSameClientCount"
TransferRequestCount, "TransferRequestCount"
TransferResult, "TransferResult"
TransferState_Placeholder, "<TransferState>"
TransferSubscriptionsCount, "TransferSubscriptionsCount"
TransferSubscriptionsRequest, "TransferSubscriptionsRequest"
TransferSubscriptionsResponse, "TransferSubscriptionsResponse"
Transition, "Transition"
TransitionEventType, "TransitionEventType"
TransitionNumber, "TransitionNumber"
TransitionTime, "TransitionTime"
TransitionType, "TransitionType"
TransitionVariableType, "TransitionVariableType"
TranslateBrowsePathsToNodeIdsCount, "TranslateBrowsePathsToNodeIdsCount"
TranslateBrowsePathsToNodeIdsRequest, "TranslateBrowsePathsToNodeIdsRequest"
TranslateBrowsePathsToNodeIdsResponse, "TranslateBrowsePathsToNodeIdsResponse"
TransmitQosDataType, "TransmitQosDataType"
TransmitQosPriorityDataType, "TransmitQosPriorityDataType"
TransparentRedundancyType, "TransparentRedundancyType"
TransportProfileUri, "TransportProfileUri"
TransportProtocol, "TransportProtocol"
TransportSettings, "TransportSettings"
TreatUncertainAsBad, "TreatUncertainAsBad"
TriggerKeyUpdate, "TriggerKeyUpdate"
TrimmedString, "TrimmedString"
TripAlarmType, "TripAlarmType"
TrueState, "TrueState"
TrustList, "TrustList"
TrustListDataType, "TrustListDataType"
TrustListId, "TrustListId"
TrustListMasks, "TrustListMasks"
TrustListOutOfDate, "TrustListOutOfDate"
TrustListOutOfDateAlarmType, "TrustListOutOfDateAlarmType"
TrustListType, "TrustListType"
TrustListUpdatedAuditEventType, "TrustListUpdatedAuditEventType"
TrustListUpdateRequestedAuditEventType, "TrustListUpdateRequestedAuditEventType"
TrustListValidationOptions, "TrustListValidationOptions"
TsnFailureCode, "TsnFailureCode"
TsnListenerStatus, "TsnListenerStatus"
TsnStreamState, "TsnStreamState"
TsnTalkerStatus, "TsnTalkerStatus"
TwoStateDiscreteType, "TwoStateDiscreteType"
TwoStateVariableType, "TwoStateVariableType"
TypeNode, "TypeNode"
TypesFolder, "Types"
UABinaryFileDataType, "UABinaryFileDataType"
UadpDataSetMessageContentMask, "UadpDataSetMessageContentMask"
UadpDataSetReaderMessageDataType, "UadpDataSetReaderMessageDataType"
UadpDataSetReaderMessageType, "UadpDataSetReaderMessageType"
UadpDataSetWriterMessageDataType, "UadpDataSetWriterMessageDataType"
UadpDataSetWriterMessageType, "UadpDataSetWriterMessageType"
UadpNetworkMessageContentMask, "UadpNetworkMessageContentMask"
UadpWriterGroupMessageDataType, "UadpWriterGroupMessageDataType"
UadpWriterGroupMessageType, "UadpWriterGroupMessageType"
UInt16, "UInt16"
UInt32, "UInt32"
UInt64, "UInt64"
UInteger, "UInteger"
UnacknowledgedCount, "UnacknowledgedCount"
UnacknowledgedMessageCount, "UnacknowledgedMessageCount"
UnauthorizedRequestCount, "UnauthorizedRequestCount"
UnconfirmedCount, "UnconfirmedCount"
Union, "Union"
UnitSystem, "UnitSystem"
UnitType, "UnitType"
UnregisterNodesCount, "UnregisterNodesCount"
UnregisterNodesRequest, "UnregisterNodesRequest"
UnregisterNodesResponse, "UnregisterNodesResponse"
Unshelve, "Unshelve"
Unshelve2, "Unshelve2"
Unshelved, "Unshelved"
UnshelvedToOneShotShelved, "UnshelvedToOneShotShelved"
UnshelvedToTimedShelved, "UnshelvedToTimedShelved"
UnshelveTime, "UnshelveTime"
UnsignedRationalNumber, "UnsignedRationalNumber"
Unsuppress, "Unsuppress"
Unsuppress2, "Unsuppress2"
UpdateCertificate, "UpdateCertificate"
UpdateCredential, "UpdateCredential"
UpdateDataCapability, "UpdateDataCapability"
UpdateDataDetails, "UpdateDataDetails"
UpdatedNode, "UpdatedNode"
UpdateEventCapability, "UpdateEventCapability"
UpdateEventDetails, "UpdateEventDetails"
UpdateFrequency, "UpdateFrequency"
UpdateStructureDataDetails, "UpdateStructureDataDetails"
UriDictionaryEntryType, "UriDictionaryEntryType"
UriString, "UriString"
UrisVersion, "UrisVersion"
Url, "Url"
UserConfigurationMask, "UserConfigurationMask"
UserCredentialCertificateType, "UserCredentialCertificateType"
UserIdentityToken, "UserIdentityToken"
UserManagement, "UserManagement"
UserManagementDataType, "UserManagementDataType"
UserManagementType, "UserManagementType"
UserNameIdentityToken, "UserNameIdentityToken"
Users, "Users"
UserTokenPolicy, "UserTokenPolicy"
UserTokenType, "UserTokenType"
UserWritable, "UserWritable"
UseSlopedExtrapolation, "UseSlopedExtrapolation"
UsesPriorityMappingTable, "UsesPriorityMappingTable"
UtcTime, "UtcTime"
Utilizes, "Utilizes"
ValueAsDictionaryEntries, "ValueAsDictionaryEntries"
ValueAsText, "ValueAsText"
ValuePrecision, "ValuePrecision"
VariableAttributes, "VariableAttributes"
VariableNode, "VariableNode"
VariableTypeAttributes, "VariableTypeAttributes"
VariableTypeNode, "VariableTypeNode"
VariableTypesFolder, "VariableTypes"
Vector, "Vector"
VectorType, "VectorType"
VectorUnit, "VectorUnit"
VendorCapability_Placeholder, "<VendorCapability>"
VendorServerInfo, "VendorServerInfo"
VendorServerInfoType, "VendorServerInfoType"
VersionId, "VersionId"
VersionTime, "VersionTime"
Vid, "Vid"
ViewAttributes, "ViewAttributes"
ViewDescription, "ViewDescription"
ViewNode, "ViewNode"
ViewsFolder, "Views"
ViewVersion, "ViewVersion"
VlanId, "VlanId"
VlanTagCapable, "VlanTagCapable"
WellKnownRole_Anonymous, "Anonymous"
WellKnownRole_AuthenticatedUser, "AuthenticatedUser"
WellKnownRole_ConfigureAdmin, "ConfigureAdmin"
WellKnownRole_Engineer, "Engineer"
WellKnownRole_Observer, "Observer"
WellKnownRole_Operator, "Operator"
WellKnownRole_SecurityAdmin, "SecurityAdmin"
WellKnownRole_SecurityKeyServerAccess, "SecurityKeyServerAccess"
WellKnownRole_SecurityKeyServerAdmin, "SecurityKeyServerAdmin"
WellKnownRole_SecurityKeyServerPush, "SecurityKeyServerPush"
WellKnownRole_Supervisor, "Supervisor"
Writable, "Writable"
Write, "Write"
WriteCount, "WriteCount"
WriteRequest, "WriteRequest"
WriteResponse, "WriteResponse"
WriterGroupDataType, "WriterGroupDataType"
WriterGroupId, "WriterGroupId"
WriterGroupMessageDataType, "WriterGroupMessageDataType"
WriterGroupMessageType, "WriterGroupMessageType"
WriterGroupName_Placeholder, "<WriterGroupName>"
WriterGroupTransportDataType, "WriterGroupTransportDataType"
WriterGroupTransportType, "WriterGroupTransportType"
WriterGroupType, "WriterGroupType"
WriteValue, "WriteValue"
X, "X"
X509IdentityToken, "X509IdentityToken"
XAxisDefinition, "XAxisDefinition"
XmlElement, "XmlElement"
XmlSchema_TypeSystem, "XML Schema"
XVType, "XVType"
XYArrayItemType, "XYArrayItemType"
Y, "Y"
YArrayItemType, "YArrayItemType"
YAxisDefinition, "YAxisDefinition"
Z, "Z"
ZAxisDefinition, "ZAxisDefinition"
