BaseObjectType, 58
FolderType, 61
DataTypeSystemType, 75
DataTypeEncodingType, 76
ModellingRuleType, 77
ServerType, 2004
ServerCapabilitiesType, 2013
ServerDiagnosticsType, 2020
SessionsDiagnosticsSummaryType, 2026
SessionDiagnosticsObjectType, 2029
VendorServerInfoType, 2033
ServerRedundancyType, 2034
TransparentRedundancyType, 2036
NonTransparentRedundancyType, 2039
NonTransparentNetworkRedundancyType, 11945
NonTransparentBackupRedundancyType, 32411
OperationLimitsType, 11564
FileType, 11575
AddressSpaceFileType, 11595
NamespaceMetadataType, 11616
NamespacesType, 11645
BaseEventType, 2041
AuditEventType, 2052
AuditSecurityEventType, 2058
AuditChannelEventType, 2059
AuditOpenSecureChannelEventType, 2060
AuditSessionEventType, 2069
AuditCreateSessionEventType, 2071
AuditUrlMismatchEventType, 2748
AuditActivateSessionEventType, 2075
AuditCancelEventType, 2078
AuditCertificateEventType, 2080
AuditCertificateDataMismatchEventType, 2082
AuditCertificateExpiredEventType, 2085
AuditCertificateInvalidEventType, 2086
AuditCertificateUntrustedEventType, 2087
AuditCertificateRevokedEventType, 2088
AuditCertificateMismatchEventType, 2089
AuditNodeManagementEventType, 2090
AuditAddNodesEventType, 2091
AuditDeleteNodesEventType, 2093
AuditAddReferencesEventType, 2095
AuditDeleteReferencesEventType, 2097
AuditUpdateEventType, 2099
AuditWriteUpdateEventType, 2100
AuditHistoryUpdateEventType, 2104
AuditUpdateMethodEventType, 2127
SystemEventType, 2130
DeviceFailureEventType, 2131
SystemStatusChangeEventType, 11446
BaseModelChangeEventType, 2132
GeneralModelChangeEventType, 2133
SemanticChangeEventType, 2738
EventQueueOverflowEventType, 3035
ProgressEventType, 11436
AuditClientEventType, 23606
AuditClientUpdateMethodResultEventType, 23926
AggregateFunctionType, 2340
StateMachineType, 2299
FiniteStateMachineType, 2771
StateType, 2307
InitialStateType, 2309
TransitionType, 2310
ChoiceStateType, 15109
TransitionEventType, 2311
AuditUpdateStateEventType, 2315
FileDirectoryType, 13353
TemporaryFileTransferType, 15744
FileTransferStateMachineType, 15803
RoleSetType, 15607
RoleType, 15620
RoleMappingRuleChangedAuditEventType, 17641
DictionaryEntryType, 17589
DictionaryFolderType, 17591
IrdiDictionaryEntryType, 17598
UriDictionaryEntryType, 17600
BaseInterfaceType, 17602
IOrderedObjectType, 23513
OrderedListType, 23518
SyntaxReferenceEntryType, 32439
UnitType, 32442
ServerUnitType, 32447
AlternativeUnitType, 32467
QuantityType, 32475
QuantitiesFolderType, 32502
ConditionType, 2782
DialogConditionType, 2830
AcknowledgeableConditionType, 2881
AlarmConditionType, 2915
AlarmGroupType, 16405
AlarmSuppressionGroupType, 32064
ShelvedStateMachineType, 2929
LimitAlarmType, 2955
ExclusiveLimitStateMachineType, 9318
ExclusiveLimitAlarmType, 9341
NonExclusiveLimitAlarmType, 9906
NonExclusiveLevelAlarmType, 10060
ExclusiveLevelAlarmType, 9482
NonExclusiveDeviationAlarmType, 10368
NonExclusiveRateOfChangeAlarmType, 10214
ExclusiveDeviationAlarmType, 9764
ExclusiveRateOfChangeAlarmType, 9623
DiscreteAlarmType, 10523
OffNormalAlarmType, 10637
SystemOffNormalAlarmType, 11753
TripAlarmType, 10751
InstrumentDiagnosticAlarmType, 18347
SystemDiagnosticAlarmType, 18496
CertificateExpirationAlarmType, 13225
DiscrepancyAlarmType, 17080
BaseConditionClassType, 11163
ProcessConditionClassType, 11164
MaintenanceConditionClassType, 11165
SystemConditionClassType, 11166
SafetyConditionClassType, 17218
HighlyManagedAlarmConditionClassType, 17219
TrainingConditionClassType, 17220
StatisticalConditionClassType, 18665
TestingConditionClassType, 17221
AuditConditionEventType, 2790
AuditConditionEnableEventType, 2803
AuditConditionCommentEventType, 2829
AuditConditionRespondEventType, 8927
AuditConditionAcknowledgeEventType, 8944
AuditConditionConfirmEventType, 8961
AuditConditionShelvingEventType, 11093
AuditConditionSuppressionEventType, 17225
AuditConditionSilenceEventType, 17242
AuditConditionResetEventType, 15013
AuditConditionOutOfServiceEventType, 17259
RefreshStartEventType, 2787
RefreshEndEventType, 2788
RefreshRequiredEventType, 2789
AlarmMetricsType, 17279
ProgramStateMachineType, 2391
ProgramTransitionEventType, 2378
AuditProgramTransitionEventType, 11856
ProgramTransitionAuditEventType, 3806
HistoricalDataConfigurationType, 2318
HistoricalEventConfigurationType, 32621
HistoricalExternalEventSourceType, 32625
HistoryServerCapabilitiesType, 2330
AuditHistoryEventUpdateEventType, 2999
AuditHistoryValueUpdateEventType, 3006
AuditHistoryAnnotationUpdateEventType, 19095
AuditHistoryDeleteEventType, 3012
AuditHistoryRawModifyDeleteEventType, 3014
AuditHistoryAtTimeDeleteEventType, 3019
AuditHistoryEventDeleteEventType, 3022
AuditHistoryConfigurationChangeEventType, 32758
AuditHistoryBulkInsertEventType, 32803
TrustListType, 12522
TrustListOutOfDateAlarmType, 19297
CertificateGroupType, 12555
CertificateGroupFolderType, 13813
CertificateType, 12556
ApplicationCertificateType, 12557
HttpsCertificateType, 12558
UserCredentialCertificateType, 15181
RsaMinApplicationCertificateType, 12559
RsaSha256ApplicationCertificateType, 12560
EccApplicationCertificateType, 23537
EccNistP256ApplicationCertificateType, 23538
EccNistP384ApplicationCertificateType, 23539
EccBrainpoolP256r1ApplicationCertificateType, 23540
EccBrainpoolP384r1ApplicationCertificateType, 23541
EccCurve25519ApplicationCertificateType, 23542
EccCurve448ApplicationCertificateType, 23543
TrustListUpdateRequestedAuditEventType, 32260
TrustListUpdatedAuditEventType, 12561
TransactionDiagnosticsType, 32286
ServerConfigurationType, 12581
CertificateUpdateRequestedAuditEventType, 32306
CertificateUpdatedAuditEventType, 12620
KeyCredentialConfigurationFolderType, 17496
KeyCredentialConfigurationType, 18001
KeyCredentialAuditEventType, 18011
KeyCredentialUpdatedAuditEventType, 18029
KeyCredentialDeletedAuditEventType, 18047
AuthorizationServicesConfigurationFolderType, 23556
AuthorizationServiceConfigurationType, 17852
AggregateConfigurationType, 11187
PubSubKeyServiceType, 15906
SecurityGroupFolderType, 15452
SecurityGroupType, 15471
PubSubKeyPushTargetType, 25337
PubSubKeyPushTargetFolderType, 25346
PublishSubscribeType, 14416
PubSubConfigurationType, 25482
PublishedDataSetType, 14509
ExtensionFieldsType, 15489
PublishedDataItemsType, 14534
PublishedEventsType, 14572
DataSetFolderType, 14477
PubSubConnectionType, 14209
ConnectionTransportType, 17721
PubSubGroupType, 14232
WriterGroupType, 17725
WriterGroupTransportType, 17997
WriterGroupMessageType, 17998
ReaderGroupType, 17999
ReaderGroupTransportType, 21090
ReaderGroupMessageType, 21091
DataSetWriterType, 15298
DataSetWriterTransportType, 15305
DataSetWriterMessageType, 21096
DataSetReaderType, 15306
DataSetReaderTransportType, 15319
DataSetReaderMessageType, 21104
SubscribedDataSetType, 15108
TargetVariablesType, 15111
SubscribedDataSetMirrorType, 15127
SubscribedDataSetFolderType, 23795
StandaloneSubscribedDataSetType, 23828
PubSubStatusType, 14643
PubSubDiagnosticsType, 19677
PubSubDiagnosticsRootType, 19732
PubSubDiagnosticsConnectionType, 19786
PubSubDiagnosticsWriterGroupType, 19834
PubSubDiagnosticsReaderGroupType, 19903
PubSubDiagnosticsDataSetWriterType, 19968
PubSubDiagnosticsDataSetReaderType, 20027
PubSubCapabilitiesType, 23832
PubSubStatusEventType, 15535
PubSubTransportLimitsExceedEventType, 15548
PubSubCommunicationFailureEventType, 15563
UadpWriterGroupMessageType, 21105
UadpDataSetWriterMessageType, 21111
UadpDataSetReaderMessageType, 21116
JsonWriterGroupMessageType, 21126
JsonDataSetWriterMessageType, 21128
JsonDataSetReaderMessageType, 21130
DatagramConnectionTransportType, 15064
DatagramWriterGroupTransportType, 21133
DatagramDataSetReaderTransportType, 24016
BrokerConnectionTransportType, 15155
BrokerWriterGroupTransportType, 21136
BrokerDataSetWriterTransportType, 21138
BrokerDataSetReaderTransportType, 21142
NetworkAddressType, 21145
NetworkAddressUrlType, 21147
AliasNameType, 23455
AliasNameCategoryType, 23456
UserManagementType, 24264
ApplicationConfigurationType, 25731
ProvisionableDeviceType, 26871
IIetfBaseNetworkInterfaceType, 24148
IIeeeBaseEthernetPortType, 24158
IIeeeAutoNegotiationStatusType, 24233
IBaseEthernetCapabilitiesType, 24167
IVlanIdType, 25218
ISrClassType, 24169
IIeeeBaseTsnStreamType, 24173
IIeeeBaseTsnTrafficSpecificationType, 24179
IIeeeBaseTsnStatusStreamType, 24183
IIeeeTsnInterfaceConfigurationType, 24188
IIeeeTsnInterfaceConfigurationTalkerType, 24191
IIeeeTsnInterfaceConfigurationListenerType, 24195
IIeeeTsnMacAddressType, 24199
IIeeeTsnVlanTagType, 24202
IPriorityMappingEntryType, 24205
IetfBaseNetworkInterfaceType, 25221
PriorityMappingTableType, 25227
